,ip,countryCode,countryName,asn,isp,block,hostname
3,204.45.30.198,US,United States,174,COGENT-174,2,204.45.30.198
228,79.136.85.105,SE,Sweden,8473,BAHNHOF,2,79.136.85.105
272,38.107.216.210,US,United States,174,COGENT-174,2,38.107.216.210
602,66.193.28.142,US,United States,3549,LVLT-3549,2,66.193.28.142
657,207.250.214.249,US,United States,3549,LVLT-3549,2,207.250.214.249
776,106.185.37.37,JP,Japan,2516,AS2516,2,106.185.37.37
865,38.105.109.202,US,United States,174,COGENT-174,2,38.105.109.202
1105,174.141.138.150,US,United States,174,COGENT-174,2,174.141.138.150
5,216.66.74.22,US,United States,6939,HURRICANE,1,216.66.74.22
79,198.199.86.220,US,United States,14061,DIGITALOCEAN-ASN,1,198.199.86.220
159,209.58.128.135,US,United States,7203,LEASEWEB-USA-SFO-12,1,209.58.128.135
258,108.171.109.77,US,United States,33438,HIGHWINDS2,1,108.171.109.77
259,208.74.90.130,US,United States,14230,INVOLTA,1,208.74.90.130
345,66.18.115.10,US,United States,19271,PEAK10,1,66.18.115.10
504,76.164.201.210,US,United States,36114,VERSAWEB-ASN,1,76.164.201.210
560,208.87.234.180,US,United States,44444,FORCEPOINT-CLOUD-AS,1,208.87.234.180
623,65.182.206.109,US,United States,20021,LNH-INC,1,65.182.206.109
682,72.5.190.134,US,United States,12179,AS12179,1,72.5.190.134
751,207.244.77.2,US,United States,30633,LEASEWEB-USA-WDC-01,1,207.244.77.2
822,216.66.73.14,US,United States,6939,HURRICANE,1,216.66.73.14
852,69.162.75.39,US,United States,46475,LIMESTONENETWORKS,1,69.162.75.39
866,178.73.218.101,SE,Sweden,42708,PORTLANE,1,178.73.218.101
875,63.137.145.225,US,United States,3561,CENTURYLINK-LEGACY-SAVVIS,1,63.137.145.225
897,108.132.43.89,US,United States,16509,AMAZON-02,1,108.132.43.89
968,128.177.133.102,US,United States,6461,ZAYO-6461,1,128.177.133.102
1,69.255.106.46,US,United States,7922,COMCAST-7922,0,69.255.106.46
2,66.6.160.138,US,United States,22958,FIDELITY-001,0,66.6.160.138
4,97.106.166.178,US,United States,33363,BHN-TAMPA,0,97.106.166.178
6,184.196.29.127,US,United States,3651,SPRINT-BB6,0,184.196.29.127
7,199.87.2.4,US,United States,21849,CARECENTRIX,0,199.87.2.4
8,208.252.89.2,US,United States,701,UUNET,0,208.252.89.2
9,72.185.224.229,US,United States,33363,BHN-TAMPA,0,72.185.224.229
10,184.20.135.26,US,United States,7155,VIASAT-SP-BACKBONE,0,184.20.135.26
11,99.34.142.6,US,United States,7018,ATT-INTERNET4,0,99.34.142.6
12,204.68.245.11,US,United States,2048,LANET-1,0,204.68.245.11
13,68.43.204.133,US,United States,7922,COMCAST-7922,0,68.43.204.133
14,216.188.247.134,US,United States,7459,GRANDECOM-AS1,0,216.188.247.134
15,68.208.150.66,US,United States,6389,AS6389,0,68.208.150.66
16,104.169.214.95,US,United States,5650,FRONTIER-FRTR,0,104.169.214.95
17,70.193.10.153,US,United States,6167,CELLCO-PART,0,70.193.10.153
18,24.94.237.133,US,United States,11955,SCRR-11955,0,24.94.237.133
19,69.247.17.92,US,United States,7922,COMCAST-7922,0,69.247.17.92
20,24.126.23.117,US,United States,7922,COMCAST-7922,0,24.126.23.117
21,66.189.212.226,US,United States,20115,CHARTER-NET-HKY-NC,0,66.189.212.226
22,184.188.15.106,US,United States,22773,ASN-CXA-ALL-CCI-22773-RDC,0,184.188.15.106
23,71.83.72.115,US,United States,20115,CHARTER-NET-HKY-NC,0,71.83.72.115
24,108.222.210.162,US,United States,7018,ATT-INTERNET4,0,108.222.210.162
25,68.74.186.78,US,United States,7018,ATT-INTERNET4,0,68.74.186.78
26,65.32.148.13,US,United States,33363,BHN-TAMPA,0,65.32.148.13
27,50.81.233.58,US,United States,30036,MEDIACOM-ENTERPRISE-BUSINESS,0,50.81.233.58
28,76.100.124.186,US,United States,7922,COMCAST-7922,0,76.100.124.186
29,184.96.209.148,US,United States,209,CENTURYLINK-US-LEGACY-QWEST,0,184.96.209.148
30,71.10.113.132,US,United States,20115,CHARTER-NET-HKY-NC,0,71.10.113.132
31,207.119.219.253,US,United States,22561,CENTURYLINK-LEGACY-LIGHTCORE,0,207.119.219.253
32,73.53.85.195,US,United States,7922,COMCAST-7922,0,73.53.85.195
33,162.227.98.62,US,United States,7018,ATT-INTERNET4,0,162.227.98.62
34,192.122.237.252,US,United States,33629,NKU-AS1,0,192.122.237.252
35,75.118.50.170,US,United States,12083,WOW-INTERNET,0,75.118.50.170
36,64.186.105.136,US,United States,22079,APTNET-AS-01,0,64.186.105.136
37,205.173.105.210,US,United States,26394,CHOA,0,205.173.105.210
38,68.115.223.51,US,United States,20115,CHARTER-NET-HKY-NC,0,68.115.223.51
39,97.81.96.201,US,United States,20115,CHARTER-NET-HKY-NC,0,97.81.96.201
40,134.193.46.27,US,United States,3390,UMKCNET,0,134.193.46.27
41,74.98.195.15,US,United States,701,UUNET,0,74.98.195.15
42,66.99.9.175,US,United States,19941,CONCORDIA-UNIVERSITY-CHICAGO,0,66.99.9.175
43,107.218.149.148,US,United States,7018,ATT-INTERNET4,0,107.218.149.148
44,73.196.148.95,US,United States,7922,COMCAST-7922,0,73.196.148.95
45,159.14.241.250,US,United States,7328,CHOP,0,159.14.241.250
46,76.121.124.23,US,United States,7922,COMCAST-7922,0,76.121.124.23
47,71.234.86.155,US,United States,7015,COMCAST-7015,0,71.234.86.155
48,70.190.211.36,US,United States,22773,ASN-CXA-ALL-CCI-22773-RDC,0,70.190.211.36
49,68.185.162.82,US,United States,20115,CHARTER-NET-HKY-NC,0,68.185.162.82
50,192.152.200.150,US,United States,6231,SCANA,0,192.152.200.150
51,76.240.198.11,US,United States,7018,ATT-INTERNET4,0,76.240.198.11
52,68.196.215.161,US,United States,6128,CABLE-NET-1,0,68.196.215.161
53,128.61.209.246,US,United States,2637,GEORGIA-TECH,0,128.61.209.246
54,50.108.133.91,US,United States,5650,FRONTIER-FRTR,0,50.108.133.91
55,70.160.180.12,US,United States,22773,ASN-CXA-ALL-CCI-22773-RDC,0,70.160.180.12
56,71.169.136.3,US,United States,13977,CTELCO,0,71.169.136.3
57,199.96.255.30,US,United States,17378,AS17378,0,199.96.255.30
58,72.130.20.210,US,United States,20001,ROADRUNNER-WEST,0,72.130.20.210
59,100.34.252.149,US,United States,701,UUNET,0,100.34.252.149
60,108.47.196.145,ZZ,Unknown,0,------,0,108.47.196.145
61,99.117.152.91,US,United States,7018,ATT-INTERNET4,0,99.117.152.91
62,184.157.210.94,US,United States,209,CENTURYLINK-US-LEGACY-QWEST,0,184.157.210.94
63,50.133.197.171,US,United States,7922,COMCAST-7922,0,50.133.197.171
64,86.80.187.183,NL,Netherlands,1136,KPN,0,86.80.187.183
65,23.116.53.208,US,United States,7018,ATT-INTERNET4,0,23.116.53.208
66,65.36.100.173,US,United States,7459,GRANDECOM-AS1,0,65.36.100.173
67,71.65.208.27,US,United States,11426,SCRR-11426,0,71.65.208.27
68,172.3.205.121,US,United States,7018,ATT-INTERNET4,0,172.3.205.121
69,23.242.118.134,US,United States,20001,ROADRUNNER-WEST,0,23.242.118.134
70,216.201.21.124,US,United States,7106,INDEPENDENTSFIBERNETWORK,0,216.201.21.124
71,66.220.213.193,US,United States,15011,JAGUAR-1,0,66.220.213.193
72,108.219.213.148,US,United States,7018,ATT-INTERNET4,0,108.219.213.148
73,198.179.137.209,US,United States,4583,WESTPUB-A,0,198.179.137.209
74,155.188.183.19,US,United States,6569,NATIONWIDEASN,0,155.188.183.19
75,98.30.39.44,US,United States,10796,SCRR-10796,0,98.30.39.44
76,199.46.196.232,US,United States,12007,RAYASN,0,199.46.196.232
77,73.197.97.120,US,United States,7922,COMCAST-7922,0,73.197.97.120
78,97.66.8.2,US,United States,7029,WINDSTREAM,0,97.66.8.2
80,65.60.136.171,US,United States,12083,WOW-INTERNET,0,65.60.136.171
81,68.199.9.185,US,United States,6128,CABLE-NET-1,0,68.199.9.185
82,75.71.231.186,US,United States,7922,COMCAST-7922,0,75.71.231.186
83,50.201.212.86,US,United States,7922,COMCAST-7922,0,50.201.212.86
84,75.169.135.36,US,United States,209,CENTURYLINK-US-LEGACY-QWEST,0,75.169.135.36
85,67.242.44.248,US,United States,11351,RR-NYSREGION-ASN-01,0,67.242.44.248
86,108.247.157.19,US,United States,7018,ATT-INTERNET4,0,108.247.157.19
87,108.198.29.126,US,United States,7018,ATT-INTERNET4,0,108.198.29.126
88,12.204.220.138,US,United States,19956,TENNESSEE-NET,0,12.204.220.138
89,76.221.163.96,US,United States,7018,ATT-INTERNET4,0,76.221.163.96
90,104.39.47.148,US,United States,3999,PENN-STATE,0,104.39.47.148
91,173.55.0.77,US,United States,5650,FRONTIER-FRTR,0,173.55.0.77
92,75.50.87.107,US,United States,7018,ATT-INTERNET4,0,75.50.87.107
93,208.93.185.143,US,United States,23497,NCWCOM,0,208.93.185.143
94,158.70.116.190,US,United States,26810,HHSNET-NOC-ASN,0,158.70.116.190
95,152.7.224.8,US,United States,11442,NCSU,0,152.7.224.8
96,68.7.152.77,US,United States,22773,ASN-CXA-ALL-CCI-22773-RDC,0,68.7.152.77
97,75.75.209.181,US,United States,14103,ACDNET-ASN1,0,75.75.209.181
98,73.208.155.26,US,United States,7922,COMCAST-7922,0,73.208.155.26
99,216.177.129.13,ZZ,Unknown,0,------,0,216.177.129.13
100,98.231.58.58,US,United States,7922,COMCAST-7922,0,98.231.58.58
101,113.199.137.110,NP,Nepal,23752,NPTELECOM-NP-AS,0,113.199.137.110
102,104.245.136.43,US,United States,393524,NEW-FLORENCE-TELEPHONE-COMPANY,0,104.245.136.43
103,69.125.72.38,US,United States,6128,CABLE-NET-1,0,69.125.72.38
104,173.174.243.185,US,United States,11427,SCRR-11427,0,173.174.243.185
105,50.113.22.11,US,United States,20001,ROADRUNNER-WEST,0,50.113.22.11
106,65.131.37.6,US,United States,209,CENTURYLINK-US-LEGACY-QWEST,0,65.131.37.6
107,24.121.172.59,US,United States,19108,SUDDENLINK-COMMUNICATIONS,0,24.121.172.59
108,66.234.106.2,US,United States,11495,COMNEXIA-CLEC,0,66.234.106.2
109,166.102.14.134,US,United States,7029,WINDSTREAM,0,166.102.14.134
110,136.181.195.33,US,United States,13325,STOMI,0,136.181.195.33
111,24.51.132.30,US,United States,1246,TLL-WEST,0,24.51.132.30
112,98.243.8.9,US,United States,7922,COMCAST-7922,0,98.243.8.9
113,70.122.85.73,US,United States,11427,SCRR-11427,0,70.122.85.73
114,72.152.69.180,US,United States,7018,ATT-INTERNET4,0,72.152.69.180
115,72.227.93.194,US,United States,11351,RR-NYSREGION-ASN-01,0,72.227.93.194
116,70.209.136.164,US,United States,6167,CELLCO-PART,0,70.209.136.164
117,24.218.124.117,US,United States,7015,COMCAST-7015,0,24.218.124.117
118,108.253.0.181,US,United States,7018,ATT-INTERNET4,0,108.253.0.181
119,71.93.26.77,US,United States,19116,WASHINGTON-BROADBAND,0,71.93.26.77
120,24.16.150.214,US,United States,7922,COMCAST-7922,0,24.16.150.214
121,70.192.204.164,US,United States,6167,CELLCO-PART,0,70.192.204.164
122,204.194.141.29,US,United States,11273,FDCSGNET,0,204.194.141.29
123,152.216.15.5,US,United States,30313,IRS,0,152.216.15.5
124,107.210.80.173,US,United States,7018,ATT-INTERNET4,0,107.210.80.173
125,137.54.6.118,US,United States,225,VIRGINIA-AS,0,137.54.6.118
126,70.15.67.3,US,United States,3737,PTD-AS,0,70.15.67.3
127,24.73.31.27,US,United States,33363,BHN-TAMPA,0,24.73.31.27
128,75.168.168.129,US,United States,209,CENTURYLINK-US-LEGACY-QWEST,0,75.168.168.129
129,24.180.228.244,US,United States,20115,CHARTER-NET-HKY-NC,0,24.180.228.244
130,173.78.39.129,ZZ,Unknown,0,------,0,173.78.39.129
131,50.134.77.212,US,United States,7922,COMCAST-7922,0,50.134.77.212
132,170.140.22.115,US,United States,3512,EUSHC,0,170.140.22.115
133,67.189.180.8,US,United States,7015,COMCAST-7015,0,67.189.180.8
134,108.223.194.87,US,United States,7018,ATT-INTERNET4,0,108.223.194.87
135,67.44.224.137,US,United States,6621,HNS-DIRECPC,0,67.44.224.137
136,165.189.75.1,US,United States,3136,STATE-OF-WISCONSIN-AS1,0,165.189.75.1
137,173.209.211.200,US,United States,25934,AS25934,0,173.209.211.200
138,168.161.192.15,US,United States,36032,WB-WARNER-CHANNEL-BRICKELL,0,168.161.192.15
139,97.93.193.63,US,United States,20115,CHARTER-NET-HKY-NC,0,97.93.193.63
140,104.178.118.183,US,United States,7018,ATT-INTERNET4,0,104.178.118.183
141,169.133.140.5,US,United States,18815,AS-CITY-AND-COUNTY-OF-DENVER,0,169.133.140.5
142,100.40.44.235,US,United States,701,UUNET,0,100.40.44.235
143,68.253.145.185,US,United States,7018,ATT-INTERNET4,0,68.253.145.185
144,142.196.59.214,US,United States,33363,BHN-TAMPA,0,142.196.59.214
145,71.63.42.157,US,United States,7922,COMCAST-7922,0,71.63.42.157
146,75.88.151.35,US,United States,7029,WINDSTREAM,0,75.88.151.35
147,50.107.168.120,US,United States,5650,FRONTIER-FRTR,0,50.107.168.120
148,205.173.37.123,US,United States,36548,ASCOJ,0,205.173.37.123
149,98.220.94.114,US,United States,7922,COMCAST-7922,0,98.220.94.114
150,108.24.82.74,US,United States,701,UUNET,0,108.24.82.74
151,108.239.30.39,US,United States,7018,ATT-INTERNET4,0,108.239.30.39
152,70.190.146.232,US,United States,22773,ASN-CXA-ALL-CCI-22773-RDC,0,70.190.146.232
153,104.162.125.132,US,United States,12271,SCRR-12271,0,104.162.125.132
154,165.200.127.254,US,United States,22809,AMFAM-INS,0,165.200.127.254
155,104.58.188.206,US,United States,7018,ATT-INTERNET4,0,104.58.188.206
156,50.127.59.247,US,United States,5650,FRONTIER-FRTR,0,50.127.59.247
157,24.42.239.47,US,United States,12083,WOW-INTERNET,0,24.42.239.47
158,84.131.133.98,DE,Germany,3320,DTAG,0,84.131.133.98
160,128.189.228.105,CA,Canada,393249,UBC,0,128.189.228.105
161,24.185.217.208,US,United States,6128,CABLE-NET-1,0,24.185.217.208
162,207.233.71.8,US,United States,2152,CSUNET-NW,0,207.233.71.8
163,68.199.142.75,US,United States,6128,CABLE-NET-1,0,68.199.142.75
164,104.57.77.243,US,United States,7018,ATT-INTERNET4,0,104.57.77.243
165,73.54.34.26,US,United States,7922,COMCAST-7922,0,73.54.34.26
166,99.129.129.22,US,United States,7018,ATT-INTERNET4,0,99.129.129.22
167,208.180.65.82,US,United States,19108,SUDDENLINK-COMMUNICATIONS,0,208.180.65.82
168,99.6.244.235,US,United States,7018,ATT-INTERNET4,0,99.6.244.235
169,65.189.33.31,US,United States,10796,SCRR-10796,0,65.189.33.31
170,24.55.8.150,US,United States,11427,SCRR-11427,0,24.55.8.150
171,64.26.109.104,US,United States,6189,EPFL-AS,0,64.26.109.104
172,69.179.23.49,US,United States,209,CENTURYLINK-US-LEGACY-QWEST,0,69.179.23.49
173,24.208.240.177,US,United States,10796,SCRR-10796,0,24.208.240.177
174,73.202.31.99,US,United States,7922,COMCAST-7922,0,73.202.31.99
175,161.49.249.254,US,United States,14882,QUAD-GRAPHICS,0,161.49.249.254
176,208.124.119.200,US,United States,5742,CCINET,0,208.124.119.200
177,98.167.250.135,US,United States,22773,ASN-CXA-ALL-CCI-22773-RDC,0,98.167.250.135
178,71.194.237.218,US,United States,7922,COMCAST-7922,0,71.194.237.218
179,173.19.152.146,US,United States,30036,MEDIACOM-ENTERPRISE-BUSINESS,0,173.19.152.146
180,104.1.193.225,US,United States,7018,ATT-INTERNET4,0,104.1.193.225
181,67.185.65.194,US,United States,7922,COMCAST-7922,0,67.185.65.194
182,71.168.189.222,US,United States,701,UUNET,0,71.168.189.222
183,173.11.4.153,US,United States,7922,COMCAST-7922,0,173.11.4.153
184,68.226.196.55,US,United States,22773,ASN-CXA-ALL-CCI-22773-RDC,0,68.226.196.55
185,24.107.172.195,US,United States,20115,CHARTER-NET-HKY-NC,0,24.107.172.195
186,104.162.0.63,US,United States,12271,SCRR-12271,0,104.162.0.63
187,70.187.7.107,US,United States,22773,ASN-CXA-ALL-CCI-22773-RDC,0,70.187.7.107
188,65.28.185.52,US,United States,10796,SCRR-10796,0,65.28.185.52
189,24.4.140.255,US,United States,7922,COMCAST-7922,0,24.4.140.255
190,184.3.38.99,US,United States,209,CENTURYLINK-US-LEGACY-QWEST,0,184.3.38.99
191,174.55.81.168,US,United States,7922,COMCAST-7922,0,174.55.81.168
192,72.36.51.170,US,United States,30110,ADVANCED-COMMUNICATIONS-TECHNOLOGY,0,72.36.51.170
193,70.193.172.169,US,United States,6167,CELLCO-PART,0,70.193.172.169
194,65.175.183.53,US,United States,32448,METROCAST-1,0,65.175.183.53
195,173.64.63.86,US,United States,701,UUNET,0,173.64.63.86
196,68.11.166.252,US,United States,22773,ASN-CXA-ALL-CCI-22773-RDC,0,68.11.166.252
197,66.252.49.219,US,United States,11847,OTT,0,66.252.49.219
198,208.125.54.98,US,United States,11351,RR-NYSREGION-ASN-01,0,208.125.54.98
199,24.183.224.37,US,United States,20115,CHARTER-NET-HKY-NC,0,24.183.224.37
200,75.83.34.49,US,United States,20001,ROADRUNNER-WEST,0,75.83.34.49
201,216.185.35.72,ZZ,Unknown,0,------,0,216.185.35.72
202,24.165.155.24,US,United States,10796,SCRR-10796,0,24.165.155.24
203,70.210.67.22,US,United States,6167,CELLCO-PART,0,70.210.67.22
204,23.28.108.194,US,United States,12083,WOW-INTERNET,0,23.28.108.194
205,72.215.45.10,US,United States,22773,ASN-CXA-ALL-CCI-22773-RDC,0,72.215.45.10
206,4.34.232.146,US,United States,3356,LEVEL3,0,4.34.232.146
207,24.197.116.187,US,United States,20115,CHARTER-NET-HKY-NC,0,24.197.116.187
208,216.81.189.35,US,United States,11320,LIGHTEDGE-AS-02,0,216.81.189.35
209,76.122.83.202,US,United States,7922,COMCAST-7922,0,76.122.83.202
210,24.74.162.117,US,United States,11426,SCRR-11426,0,24.74.162.117
211,173.186.203.175,US,United States,7029,WINDSTREAM,0,173.186.203.175
212,12.189.20.125,US,United States,7018,ATT-INTERNET4,0,12.189.20.125
213,63.241.40.124,US,United States,13788,USCOURTS,0,63.241.40.124
214,74.10.161.4,US,United States,7029,WINDSTREAM,0,74.10.161.4
215,97.77.53.86,US,United States,11427,SCRR-11427,0,97.77.53.86
216,104.159.219.111,US,United States,20115,CHARTER-NET-HKY-NC,0,104.159.219.111
217,50.159.114.218,US,United States,7922,COMCAST-7922,0,50.159.114.218
218,173.77.131.42,US,United States,701,UUNET,0,173.77.131.42
219,108.47.105.211,ZZ,Unknown,0,------,0,108.47.105.211
220,71.127.145.56,US,United States,701,UUNET,0,71.127.145.56
221,65.216.78.188,US,United States,11486,COLO-PREM-VZB,0,65.216.78.188
222,74.32.238.89,US,United States,7011,FRONTIER-AND-CITIZENS,0,74.32.238.89
223,73.198.53.209,US,United States,7922,COMCAST-7922,0,73.198.53.209
224,68.19.191.246,US,United States,7018,ATT-INTERNET4,0,68.19.191.246
225,162.228.172.45,US,United States,7018,ATT-INTERNET4,0,162.228.172.45
226,75.173.229.99,US,United States,209,CENTURYLINK-US-LEGACY-QWEST,0,75.173.229.99
227,76.20.49.83,US,United States,7922,COMCAST-7922,0,76.20.49.83
229,208.126.87.102,US,United States,5056,AUREON-5056,0,208.126.87.102
230,173.17.149.209,US,United States,30036,MEDIACOM-ENTERPRISE-BUSINESS,0,173.17.149.209
231,24.61.134.153,US,United States,7015,COMCAST-7015,0,24.61.134.153
232,32.218.143.145,US,United States,46690,SNET-FCC,0,32.218.143.145
233,68.186.9.196,US,United States,20115,CHARTER-NET-HKY-NC,0,68.186.9.196
234,65.41.196.7,US,United States,18494,CENTURYLINK-LEGACY-EMBARQ-WRBG,0,65.41.196.7
235,132.194.93.207,US,United States,16519,CUDENVER,0,132.194.93.207
236,71.93.240.27,US,United States,20115,CHARTER-NET-HKY-NC,0,71.93.240.27
237,68.115.49.81,US,United States,20115,CHARTER-NET-HKY-NC,0,68.115.49.81
238,146.115.155.230,US,United States,6079,RCN-AS,0,146.115.155.230
239,75.133.142.81,US,United States,20115,CHARTER-NET-HKY-NC,0,75.133.142.81
240,76.78.246.13,ZZ,Unknown,0,------,0,76.78.246.13
241,69.59.124.133,US,United States,40285,NORTHLAND-CABLE,0,69.59.124.133
242,72.54.1.129,US,United States,17184,ATL-CBEYOND,0,72.54.1.129
243,107.217.208.20,US,United States,7018,ATT-INTERNET4,0,107.217.208.20
244,66.87.66.40,US,United States,10507,SPCS,0,66.87.66.40
245,50.111.101.95,US,United States,5650,FRONTIER-FRTR,0,50.111.101.95
246,73.193.159.102,US,United States,7922,COMCAST-7922,0,73.193.159.102
247,71.197.221.145,US,United States,7922,COMCAST-7922,0,71.197.221.145
248,216.134.171.238,US,United States,18516,MOLALLACOM,0,216.134.171.238
249,50.9.64.91,ZZ,Unknown,0,------,0,50.9.64.91
250,24.213.196.102,US,United States,11351,RR-NYSREGION-ASN-01,0,24.213.196.102
251,68.16.9.229,US,United States,35986,NO,0,68.16.9.229
252,96.246.35.18,US,United States,701,UUNET,0,96.246.35.18
253,97.90.206.12,US,United States,20115,CHARTER-NET-HKY-NC,0,97.90.206.12
254,75.136.162.65,US,United States,20115,CHARTER-NET-HKY-NC,0,75.136.162.65
255,71.61.159.172,US,United States,7922,COMCAST-7922,0,71.61.159.172
256,50.109.89.227,US,United States,5650,FRONTIER-FRTR,0,50.109.89.227
257,69.251.205.106,US,United States,7922,COMCAST-7922,0,69.251.205.106
260,71.228.199.170,US,United States,7922,COMCAST-7922,0,71.228.199.170
261,205.155.225.1,US,United States,2152,CSUNET-NW,0,205.155.225.1
262,173.59.46.252,US,United States,701,UUNET,0,173.59.46.252
263,99.181.46.197,US,United States,7018,ATT-INTERNET4,0,99.181.46.197
264,142.255.31.235,US,United States,12271,SCRR-12271,0,142.255.31.235
265,50.169.53.117,US,United States,7922,COMCAST-7922,0,50.169.53.117
266,71.187.102.6,US,United States,701,UUNET,0,71.187.102.6
267,99.103.99.35,US,United States,7018,ATT-INTERNET4,0,99.103.99.35
268,108.74.168.40,US,United States,7018,ATT-INTERNET4,0,108.74.168.40
269,210.107.29.66,KR,"Korea, Republic of",3786,LGDACOM,0,210.107.29.66
270,24.189.26.137,US,United States,6128,CABLE-NET-1,0,24.189.26.137
271,68.231.151.45,US,United States,22773,ASN-CXA-ALL-CCI-22773-RDC,0,68.231.151.45
273,49.148.30.50,PH,Philippines,9299,IPG-AS-AP,0,49.148.30.50
274,68.230.146.15,US,United States,22773,ASN-CXA-ALL-CCI-22773-RDC,0,68.230.146.15
275,23.252.190.56,US,United States,53848,MRTC-WLBTKY,0,23.252.190.56
276,184.78.181.220,ZZ,Unknown,0,------,0,184.78.181.220
277,97.113.15.170,US,United States,209,CENTURYLINK-US-LEGACY-QWEST,0,97.113.15.170
278,108.183.230.81,US,United States,11351,RR-NYSREGION-ASN-01,0,108.183.230.81
279,73.183.240.216,US,United States,7922,COMCAST-7922,0,73.183.240.216
280,165.123.230.166,US,United States,55,UPENN,0,165.123.230.166
281,98.157.29.217,ZZ,Unknown,0,------,0,98.157.29.217
282,97.73.240.40,US,United States,6621,HNS-DIRECPC,0,97.73.240.40
283,99.103.249.80,US,United States,7018,ATT-INTERNET4,0,99.103.249.80
284,98.127.89.66,US,United States,33588,BRESNAN-AS,0,98.127.89.66
285,68.104.158.239,US,United States,22773,ASN-CXA-ALL-CCI-22773-RDC,0,68.104.158.239
286,66.216.210.144,US,United States,11693,NULINK,0,66.216.210.144
287,71.113.46.189,US,United States,701,UUNET,0,71.113.46.189
288,66.216.243.59,US,United States,20115,CHARTER-NET-HKY-NC,0,66.216.243.59
289,73.165.54.67,US,United States,7922,COMCAST-7922,0,73.165.54.67
290,98.237.49.144,US,United States,7922,COMCAST-7922,0,98.237.49.144
291,71.76.190.80,US,United States,11426,SCRR-11426,0,71.76.190.80
292,68.32.254.144,US,United States,7922,COMCAST-7922,0,68.32.254.144
293,174.16.105.129,US,United States,209,CENTURYLINK-US-LEGACY-QWEST,0,174.16.105.129
294,72.188.53.143,US,United States,33363,BHN-TAMPA,0,72.188.53.143
295,108.94.162.85,US,United States,7018,ATT-INTERNET4,0,108.94.162.85
296,66.176.168.239,US,United States,7922,COMCAST-7922,0,66.176.168.239
297,174.56.85.12,US,United States,7922,COMCAST-7922,0,174.56.85.12
298,24.189.7.63,US,United States,6128,CABLE-NET-1,0,24.189.7.63
299,70.161.177.105,US,United States,22773,ASN-CXA-ALL-CCI-22773-RDC,0,70.161.177.105
300,69.66.132.94,US,United States,7029,WINDSTREAM,0,69.66.132.94
301,68.62.94.32,US,United States,7922,COMCAST-7922,0,68.62.94.32
302,73.52.181.96,US,United States,7922,COMCAST-7922,0,73.52.181.96
303,99.162.13.230,US,United States,7018,ATT-INTERNET4,0,99.162.13.230
304,75.181.100.33,US,United States,11426,SCRR-11426,0,75.181.100.33
305,75.171.234.166,US,United States,209,CENTURYLINK-US-LEGACY-QWEST,0,75.171.234.166
306,76.250.54.68,US,United States,7018,ATT-INTERNET4,0,76.250.54.68
307,50.162.150.165,US,United States,7922,COMCAST-7922,0,50.162.150.165
308,97.94.239.116,US,United States,20115,CHARTER-NET-HKY-NC,0,97.94.239.116
309,70.197.72.225,US,United States,6167,CELLCO-PART,0,70.197.72.225
310,96.19.35.143,ZZ,Unknown,0,------,0,96.19.35.143
311,66.87.143.106,US,United States,10507,SPCS,0,66.87.143.106
312,74.118.242.98,US,United States,16863,HOMESC,0,74.118.242.98
313,99.108.1.221,US,United States,7018,ATT-INTERNET4,0,99.108.1.221
314,67.186.3.111,US,United States,7922,COMCAST-7922,0,67.186.3.111
315,174.48.166.146,US,United States,7922,COMCAST-7922,0,174.48.166.146
316,76.174.166.145,US,United States,20001,ROADRUNNER-WEST,0,76.174.166.145
317,107.135.216.54,US,United States,7018,ATT-INTERNET4,0,107.135.216.54
318,24.121.105.170,US,United States,19108,SUDDENLINK-COMMUNICATIONS,0,24.121.105.170
319,128.97.145.98,US,United States,52,UCLA,0,128.97.145.98
320,162.235.117.62,US,United States,7018,ATT-INTERNET4,0,162.235.117.62
321,23.252.132.29,US,United States,13351,B-U-C,0,23.252.132.29
322,172.56.26.242,US,United States,21928,T-MOBILE-AS21928,0,172.56.26.242
323,172.4.204.69,US,United States,7018,ATT-INTERNET4,0,172.4.204.69
324,72.21.82.34,US,United States,14210,EDGECAST-DCA,0,72.21.82.34
325,173.61.228.200,US,United States,701,UUNET,0,173.61.228.200
326,75.82.159.54,US,United States,20001,ROADRUNNER-WEST,0,75.82.159.54
327,72.94.233.191,US,United States,701,UUNET,0,72.94.233.191
328,66.87.116.245,US,United States,10507,SPCS,0,66.87.116.245
329,68.7.77.135,US,United States,22773,ASN-CXA-ALL-CCI-22773-RDC,0,68.7.77.135
330,199.188.65.103,US,United States,393238,IMONC,0,199.188.65.103
331,204.73.55.131,US,United States,7821,ZAYO-MN,0,204.73.55.131
332,67.151.21.2,US,United States,7029,WINDSTREAM,0,67.151.21.2
333,73.21.24.85,US,United States,7922,COMCAST-7922,0,73.21.24.85
334,207.255.234.201,US,United States,11776,ATLANTICBB-JOHNSTOWN,0,207.255.234.201
335,173.169.150.211,US,United States,33363,BHN-TAMPA,0,173.169.150.211
336,99.108.83.14,US,United States,7018,ATT-INTERNET4,0,99.108.83.14
337,71.22.211.241,ZZ,Unknown,0,------,0,71.22.211.241
338,204.63.138.150,US,United States,36149,HAWAIIAN-TELCOM,0,204.63.138.150
339,209.124.161.34,US,United States,33321,ZAYO-33321,0,209.124.161.34
340,173.191.57.196,US,United States,7029,WINDSTREAM,0,173.191.57.196
341,69.197.223.17,US,United States,11272,TELEPAK-NETWORKS-INC,0,69.197.223.17
342,198.11.121.52,US,United States,53301,RADIOLINKINTERNET,0,198.11.121.52
343,70.199.130.54,US,United States,6167,CELLCO-PART,0,70.199.130.54
344,98.111.214.60,US,United States,701,UUNET,0,98.111.214.60
346,98.217.230.233,US,United States,7015,COMCAST-7015,0,98.217.230.233
347,24.32.247.80,US,United States,21615,CEBRIDGE,0,24.32.247.80
348,108.85.194.58,US,United States,7018,ATT-INTERNET4,0,108.85.194.58
349,70.193.71.230,US,United States,6167,CELLCO-PART,0,70.193.71.230
350,63.87.61.50,US,United States,701,UUNET,0,63.87.61.50
351,76.29.213.18,US,United States,7922,COMCAST-7922,0,76.29.213.18
352,74.79.194.199,US,United States,11351,RR-NYSREGION-ASN-01,0,74.79.194.199
353,173.71.108.217,US,United States,701,UUNET,0,173.71.108.217
354,71.70.254.5,US,United States,11426,SCRR-11426,0,71.70.254.5
355,205.219.92.254,US,United States,396444,OSI-CENTURY-205,0,205.219.92.254
356,73.169.125.29,US,United States,7922,COMCAST-7922,0,73.169.125.29
357,75.131.196.149,US,United States,20115,CHARTER-NET-HKY-NC,0,75.131.196.149
358,71.215.109.143,US,United States,209,CENTURYLINK-US-LEGACY-QWEST,0,71.215.109.143
359,108.84.192.19,US,United States,7018,ATT-INTERNET4,0,108.84.192.19
360,96.245.83.248,US,United States,701,UUNET,0,96.245.83.248
361,12.176.230.5,US,United States,7018,ATT-INTERNET4,0,12.176.230.5
362,75.141.248.127,US,United States,20115,CHARTER-NET-HKY-NC,0,75.141.248.127
363,67.4.151.118,US,United States,209,CENTURYLINK-US-LEGACY-QWEST,0,67.4.151.118
364,99.14.67.30,US,United States,7018,ATT-INTERNET4,0,99.14.67.30
365,69.249.178.180,US,United States,7922,COMCAST-7922,0,69.249.178.180
366,73.199.136.228,US,United States,7922,COMCAST-7922,0,73.199.136.228
367,50.168.206.84,US,United States,7922,COMCAST-7922,0,50.168.206.84
368,173.174.135.132,US,United States,11427,SCRR-11427,0,173.174.135.132
369,76.189.80.11,US,United States,10796,SCRR-10796,0,76.189.80.11
370,64.134.159.201,US,United States,14654,WAYPORT,0,64.134.159.201
371,97.73.95.187,US,United States,6621,HNS-DIRECPC,0,97.73.95.187
372,67.191.96.211,US,United States,7922,COMCAST-7922,0,67.191.96.211
373,66.57.16.29,US,United States,11426,SCRR-11426,0,66.57.16.29
374,66.214.60.39,US,United States,20115,CHARTER-NET-HKY-NC,0,66.214.60.39
375,73.8.78.61,US,United States,7922,COMCAST-7922,0,73.8.78.61
376,147.153.84.5,US,United States,14041,AS14041,0,147.153.84.5
377,174.26.9.159,US,United States,209,CENTURYLINK-US-LEGACY-QWEST,0,174.26.9.159
378,74.196.80.133,US,United States,19108,SUDDENLINK-COMMUNICATIONS,0,74.196.80.133
379,108.167.36.119,US,United States,11427,SCRR-11427,0,108.167.36.119
380,173.75.50.217,US,United States,701,UUNET,0,173.75.50.217
381,76.103.143.22,US,United States,7922,COMCAST-7922,0,76.103.143.22
382,98.118.154.15,US,United States,701,UUNET,0,98.118.154.15
383,72.184.122.69,US,United States,33363,BHN-TAMPA,0,72.184.122.69
384,75.67.72.84,US,United States,7015,COMCAST-7015,0,75.67.72.84
385,68.40.199.237,US,United States,7922,COMCAST-7922,0,68.40.199.237
386,173.59.13.155,US,United States,701,UUNET,0,173.59.13.155
387,98.245.241.209,US,United States,7922,COMCAST-7922,0,98.245.241.209
388,107.185.243.41,US,United States,20001,ROADRUNNER-WEST,0,107.185.243.41
389,50.109.163.11,US,United States,5650,FRONTIER-FRTR,0,50.109.163.11
390,75.133.129.117,US,United States,20115,CHARTER-NET-HKY-NC,0,75.133.129.117
391,108.48.97.248,US,United States,701,UUNET,0,108.48.97.248
392,99.121.252.219,US,United States,7018,ATT-INTERNET4,0,99.121.252.219
393,71.59.41.249,US,United States,7922,COMCAST-7922,0,71.59.41.249
394,184.153.11.75,US,United States,12271,SCRR-12271,0,184.153.11.75
395,98.242.25.233,US,United States,7922,COMCAST-7922,0,98.242.25.233
396,24.126.248.23,US,United States,7922,COMCAST-7922,0,24.126.248.23
397,207.119.82.198,US,United States,22561,CENTURYLINK-LEGACY-LIGHTCORE,0,207.119.82.198
398,68.11.89.100,US,United States,22773,ASN-CXA-ALL-CCI-22773-RDC,0,68.11.89.100
399,71.46.67.7,US,United States,33363,BHN-TAMPA,0,71.46.67.7
400,24.6.56.116,US,United States,7922,COMCAST-7922,0,24.6.56.116
401,64.56.1.198,US,United States,5009,EATEL,0,64.56.1.198
402,70.187.71.172,US,United States,22773,ASN-CXA-ALL-CCI-22773-RDC,0,70.187.71.172
403,71.197.61.239,US,United States,7922,COMCAST-7922,0,71.197.61.239
404,162.206.6.76,US,United States,7018,ATT-INTERNET4,0,162.206.6.76
405,70.210.129.111,US,United States,6167,CELLCO-PART,0,70.210.129.111
406,130.49.54.193,US,United States,4130,UPITT-AS,0,130.49.54.193
407,50.190.54.3,US,United States,7922,COMCAST-7922,0,50.190.54.3
408,50.172.50.131,US,United States,7922,COMCAST-7922,0,50.172.50.131
409,216.67.24.141,US,United States,7782,ALSK-7782,0,216.67.24.141
410,64.183.191.124,US,United States,11427,SCRR-11427,0,64.183.191.124
411,68.2.88.99,US,United States,22773,ASN-CXA-ALL-CCI-22773-RDC,0,68.2.88.99
412,173.78.233.224,ZZ,Unknown,0,------,0,173.78.233.224
413,73.189.225.79,US,United States,7922,COMCAST-7922,0,73.189.225.79
414,98.168.221.53,US,United States,22773,ASN-CXA-ALL-CCI-22773-RDC,0,98.168.221.53
415,65.110.255.113,US,United States,2698,IASTATE-AS,0,65.110.255.113
416,50.47.253.23,US,United States,5650,FRONTIER-FRTR,0,50.47.253.23
417,50.166.229.234,US,United States,7922,COMCAST-7922,0,50.166.229.234
418,65.129.27.60,US,United States,209,CENTURYLINK-US-LEGACY-QWEST,0,65.129.27.60
419,24.91.94.244,US,United States,7015,COMCAST-7015,0,24.91.94.244
420,72.189.228.56,US,United States,33363,BHN-TAMPA,0,72.189.228.56
421,74.77.133.33,US,United States,11351,RR-NYSREGION-ASN-01,0,74.77.133.33
422,70.170.126.70,US,United States,22773,ASN-CXA-ALL-CCI-22773-RDC,0,70.170.126.70
423,162.203.130.7,US,United States,7018,ATT-INTERNET4,0,162.203.130.7
424,24.14.117.46,US,United States,7922,COMCAST-7922,0,24.14.117.46
425,64.234.55.35,ZZ,Unknown,0,------,0,64.234.55.35
426,50.89.195.109,US,United States,33363,BHN-TAMPA,0,50.89.195.109
427,75.64.215.105,US,United States,7922,COMCAST-7922,0,75.64.215.105
428,172.56.35.233,US,United States,21928,T-MOBILE-AS21928,0,172.56.35.233
429,67.61.94.219,US,United States,11492,CABLEONE,0,67.61.94.219
430,72.234.122.215,US,United States,36149,HAWAIIAN-TELCOM,0,72.234.122.215
431,209.166.73.238,US,United States,3853,WHIDBEY,0,209.166.73.238
432,68.225.215.32,US,United States,22773,ASN-CXA-ALL-CCI-22773-RDC,0,68.225.215.32
433,74.69.97.234,US,United States,11351,RR-NYSREGION-ASN-01,0,74.69.97.234
434,73.164.77.12,US,United States,7922,COMCAST-7922,0,73.164.77.12
435,73.34.219.29,US,United States,7922,COMCAST-7922,0,73.34.219.29
436,98.122.130.44,US,United States,11426,SCRR-11426,0,98.122.130.44
437,24.22.77.210,US,United States,7922,COMCAST-7922,0,24.22.77.210
438,68.180.76.42,US,United States,23473,PAVLOVMEDIA,0,68.180.76.42
439,174.54.89.34,US,United States,7922,COMCAST-7922,0,174.54.89.34
440,104.54.170.202,US,United States,7018,ATT-INTERNET4,0,104.54.170.202
441,76.185.225.125,US,United States,11427,SCRR-11427,0,76.185.225.125
442,108.240.37.52,US,United States,7018,ATT-INTERNET4,0,108.240.37.52
443,75.173.253.73,US,United States,209,CENTURYLINK-US-LEGACY-QWEST,0,75.173.253.73
444,198.105.46.47,US,United States,23484,PACENET,0,198.105.46.47
445,66.86.250.98,US,United States,4282,CENTURYLINK-TSDS-FLFTMY,0,66.86.250.98
446,65.130.151.6,US,United States,209,CENTURYLINK-US-LEGACY-QWEST,0,65.130.151.6
447,108.220.197.176,US,United States,7018,ATT-INTERNET4,0,108.220.197.176
448,143.207.59.78,US,United States,19106,ANDREWS,0,143.207.59.78
449,99.183.238.9,US,United States,7018,ATT-INTERNET4,0,99.183.238.9
450,47.18.190.160,US,United States,6128,CABLE-NET-1,0,47.18.190.160
451,75.128.184.242,US,United States,20115,CHARTER-NET-HKY-NC,0,75.128.184.242
452,73.184.179.227,US,United States,7922,COMCAST-7922,0,73.184.179.227
453,166.182.81.141,US,United States,6614,USCC-ASN,0,166.182.81.141
454,63.135.56.111,US,United States,13370,LOCALTEL,0,63.135.56.111
455,99.196.106.69,US,United States,7155,VIASAT-SP-BACKBONE,0,99.196.106.69
456,108.176.155.233,US,United States,12271,SCRR-12271,0,108.176.155.233
457,76.125.207.2,US,United States,7922,COMCAST-7922,0,76.125.207.2
458,173.186.8.203,US,United States,7029,WINDSTREAM,0,173.186.8.203
459,108.201.66.189,US,United States,7018,ATT-INTERNET4,0,108.201.66.189
460,173.174.132.125,US,United States,11427,SCRR-11427,0,173.174.132.125
461,104.32.215.36,US,United States,20001,ROADRUNNER-WEST,0,104.32.215.36
462,104.54.101.36,US,United States,7018,ATT-INTERNET4,0,104.54.101.36
463,71.110.200.161,US,United States,701,UUNET,0,71.110.200.161
464,167.177.39.6,US,United States,7800,ALLINA-HEALTH-SYSTEM-INC,0,167.177.39.6
465,76.20.60.167,US,United States,7922,COMCAST-7922,0,76.20.60.167
466,64.126.77.16,US,United States,18712,SUREWEST-KANSAS,0,64.126.77.16
467,66.225.115.10,US,United States,29914,MIDATL-3,0,66.225.115.10
468,174.130.237.188,US,United States,7029,WINDSTREAM,0,174.130.237.188
469,24.25.252.167,US,United States,20001,ROADRUNNER-WEST,0,24.25.252.167
470,73.179.206.222,US,United States,7922,COMCAST-7922,0,73.179.206.222
471,204.186.253.54,US,United States,3737,PTD-AS,0,204.186.253.54
472,76.27.81.181,US,United States,7922,COMCAST-7922,0,76.27.81.181
473,137.45.209.114,US,United States,13783,RADFORD-UNIV-AS,0,137.45.209.114
474,63.153.227.29,US,United States,209,CENTURYLINK-US-LEGACY-QWEST,0,63.153.227.29
475,216.186.184.90,US,United States,12083,WOW-INTERNET,0,216.186.184.90
476,112.209.249.48,PH,Philippines,9299,IPG-AS-AP,0,112.209.249.48
477,98.203.137.240,US,United States,7922,COMCAST-7922,0,98.203.137.240
478,67.161.77.209,US,United States,7922,COMCAST-7922,0,67.161.77.209
479,216.249.245.98,US,United States,13576,SDNW-13576,0,216.249.245.98
480,73.213.127.39,US,United States,7922,COMCAST-7922,0,73.213.127.39
481,98.162.235.31,US,United States,22773,ASN-CXA-ALL-CCI-22773-RDC,0,98.162.235.31
482,134.10.129.55,US,United States,395501,REED-AS-1,0,134.10.129.55
483,103.4.65.35,BD,Bangladesh,24323,AAMRA-NETWORKS-AS-AP,0,103.4.65.35
484,107.10.65.1,US,United States,10796,SCRR-10796,0,107.10.65.1
485,24.130.18.88,US,United States,7922,COMCAST-7922,0,24.130.18.88
486,184.7.15.39,US,United States,209,CENTURYLINK-US-LEGACY-QWEST,0,184.7.15.39
487,67.214.30.204,US,United States,7029,WINDSTREAM,0,67.214.30.204
488,207.62.170.208,US,United States,2152,CSUNET-NW,0,207.62.170.208
489,108.93.192.183,US,United States,7018,ATT-INTERNET4,0,108.93.192.183
490,50.153.157.255,US,United States,7922,COMCAST-7922,0,50.153.157.255
491,104.32.184.94,US,United States,20001,ROADRUNNER-WEST,0,104.32.184.94
492,70.190.155.191,US,United States,22773,ASN-CXA-ALL-CCI-22773-RDC,0,70.190.155.191
493,108.32.76.165,US,United States,701,UUNET,0,108.32.76.165
494,173.30.225.156,ZZ,Unknown,0,------,0,173.30.225.156
495,67.44.205.135,US,United States,6621,HNS-DIRECPC,0,67.44.205.135
496,70.196.4.158,US,United States,6167,CELLCO-PART,0,70.196.4.158
497,174.24.50.59,US,United States,209,CENTURYLINK-US-LEGACY-QWEST,0,174.24.50.59
498,50.45.168.69,US,United States,5650,FRONTIER-FRTR,0,50.45.168.69
499,172.12.182.49,US,United States,7018,ATT-INTERNET4,0,172.12.182.49
500,108.195.189.31,US,United States,7018,ATT-INTERNET4,0,108.195.189.31
501,72.183.45.12,US,United States,11427,SCRR-11427,0,72.183.45.12
502,63.142.152.70,US,United States,11404,AS-VOBIZ,0,63.142.152.70
503,184.156.94.224,US,United States,22561,CENTURYLINK-LEGACY-LIGHTCORE,0,184.156.94.224
505,63.131.72.119,US,United States,7029,WINDSTREAM,0,63.131.72.119
506,69.57.108.144,US,United States,1640,TVSCABLE,0,69.57.108.144
507,89.136.133.103,RO,Romania,6830,LGI-UPC,0,89.136.133.103
508,64.9.42.233,US,United States,3356,LEVEL3,0,64.9.42.233
509,174.70.53.37,US,United States,22773,ASN-CXA-ALL-CCI-22773-RDC,0,174.70.53.37
510,24.177.113.254,US,United States,20115,CHARTER-NET-HKY-NC,0,24.177.113.254
511,98.15.170.107,US,United States,12271,SCRR-12271,0,98.15.170.107
512,71.236.178.141,US,United States,7922,COMCAST-7922,0,71.236.178.141
513,174.64.28.182,US,United States,22773,ASN-CXA-ALL-CCI-22773-RDC,0,174.64.28.182
514,158.222.179.223,US,United States,12271,SCRR-12271,0,158.222.179.223
515,69.179.182.74,US,United States,22561,CENTURYLINK-LEGACY-LIGHTCORE,0,69.179.182.74
516,31.210.187.107,IL,Israel,47956,XFONE,0,31.210.187.107
517,154.122.134.52,KE,Kenya,12455,JAMBONET,0,154.122.134.52
518,99.153.249.178,US,United States,7018,ATT-INTERNET4,0,99.153.249.178
519,96.228.159.243,US,United States,5650,FRONTIER-FRTR,0,96.228.159.243
520,70.193.12.131,US,United States,6167,CELLCO-PART,0,70.193.12.131
521,98.217.226.94,US,United States,7015,COMCAST-7015,0,98.217.226.94
522,71.181.160.118,US,United States,701,UUNET,0,71.181.160.118
523,71.110.10.108,US,United States,5650,FRONTIER-FRTR,0,71.110.10.108
524,118.172.20.52,TH,Thailand,23969,TOT-NET,0,118.172.20.52
525,97.81.233.253,US,United States,20115,CHARTER-NET-HKY-NC,0,97.81.233.253
526,66.87.152.152,US,United States,10507,SPCS,0,66.87.152.152
527,50.171.83.91,US,United States,7922,COMCAST-7922,0,50.171.83.91
528,71.79.25.27,US,United States,10796,SCRR-10796,0,71.79.25.27
529,63.153.167.106,US,United States,209,CENTURYLINK-US-LEGACY-QWEST,0,63.153.167.106
530,65.33.115.117,US,United States,33363,BHN-TAMPA,0,65.33.115.117
531,68.32.29.186,US,United States,7922,COMCAST-7922,0,68.32.29.186
532,108.171.131.161,US,United States,25605,SCANSAFE,0,108.171.131.161
533,98.28.218.8,US,United States,10796,SCRR-10796,0,98.28.218.8
534,74.69.230.30,US,United States,11351,RR-NYSREGION-ASN-01,0,74.69.230.30
535,174.125.73.40,US,United States,22561,CENTURYLINK-LEGACY-LIGHTCORE,0,174.125.73.40
536,100.34.164.98,US,United States,701,UUNET,0,100.34.164.98
537,69.146.104.110,US,United States,33588,BRESNAN-AS,0,69.146.104.110
538,198.0.107.102,US,United States,7922,COMCAST-7922,0,198.0.107.102
539,74.69.221.128,US,United States,11351,RR-NYSREGION-ASN-01,0,74.69.221.128
540,75.115.4.25,US,United States,33363,BHN-TAMPA,0,75.115.4.25
541,108.92.61.49,US,United States,7018,ATT-INTERNET4,0,108.92.61.49
542,172.1.110.141,US,United States,7018,ATT-INTERNET4,0,172.1.110.141
543,97.93.240.91,US,United States,20115,CHARTER-NET-HKY-NC,0,97.93.240.91
544,73.1.90.3,US,United States,7922,COMCAST-7922,0,73.1.90.3
545,70.109.57.83,US,United States,701,UUNET,0,70.109.57.83
546,50.1.119.230,US,United States,46375,AS-SONICTELECOM,0,50.1.119.230
547,128.8.90.42,US,United States,27,UMDNET,0,128.8.90.42
548,72.23.231.155,US,United States,27364,ACS-INTERNET,0,72.23.231.155
549,50.80.181.235,US,United States,30036,MEDIACOM-ENTERPRISE-BUSINESS,0,50.80.181.235
550,107.188.197.1,US,United States,16591,GOOGLE-FIBER,0,107.188.197.1
551,66.87.101.59,US,United States,10507,SPCS,0,66.87.101.59
552,50.144.0.148,US,United States,7922,COMCAST-7922,0,50.144.0.148
553,144.174.239.138,US,United States,2553,FSU-AS,0,144.174.239.138
554,71.170.225.138,ZZ,Unknown,0,------,0,71.170.225.138
555,184.21.128.170,US,United States,7155,VIASAT-SP-BACKBONE,0,184.21.128.170
556,161.45.230.41,US,United States,26335,MTSU,0,161.45.230.41
557,216.245.235.166,US,United States,27192,COLI-NET,0,216.245.235.166
558,172.56.30.202,US,United States,21928,T-MOBILE-AS21928,0,172.56.30.202
559,172.13.153.188,US,United States,7018,ATT-INTERNET4,0,172.13.153.188
561,65.36.45.254,US,United States,7459,GRANDECOM-AS1,0,65.36.45.254
562,129.110.242.30,US,United States,20162,UTDALLAS,0,129.110.242.30
563,73.48.8.27,US,United States,7922,COMCAST-7922,0,73.48.8.27
564,108.73.38.3,US,United States,7018,ATT-INTERNET4,0,108.73.38.3
565,23.125.86.40,US,United States,7018,ATT-INTERNET4,0,23.125.86.40
566,24.3.22.52,US,United States,7922,COMCAST-7922,0,24.3.22.52
567,192.249.3.175,US,United States,3450,UTK,0,192.249.3.175
568,74.215.134.122,US,United States,6181,FUSE-NET,0,74.215.134.122
569,76.6.32.128,US,United States,209,CENTURYLINK-US-LEGACY-QWEST,0,76.6.32.128
570,67.240.174.2,US,United States,11351,RR-NYSREGION-ASN-01,0,67.240.174.2
571,99.172.152.251,US,United States,7018,ATT-INTERNET4,0,99.172.152.251
572,67.163.110.178,US,United States,7922,COMCAST-7922,0,67.163.110.178
573,130.91.80.178,US,United States,55,UPENN,0,130.91.80.178
574,216.162.53.86,US,United States,1767,ILIGHT-NET,0,216.162.53.86
575,97.89.39.254,US,United States,20115,CHARTER-NET-HKY-NC,0,97.89.39.254
576,67.8.250.181,US,United States,33363,BHN-TAMPA,0,67.8.250.181
577,107.15.107.199,US,United States,11426,SCRR-11426,0,107.15.107.199
578,165.254.183.116,US,United States,12119,ITV-3,0,165.254.183.116
579,71.49.184.102,US,United States,209,CENTURYLINK-US-LEGACY-QWEST,0,71.49.184.102
580,69.76.36.229,US,United States,10796,SCRR-10796,0,69.76.36.229
581,70.197.204.240,US,United States,6167,CELLCO-PART,0,70.197.204.240
582,192.251.189.101,US,United States,40664,COMPASSBANK,0,192.251.189.101
583,71.194.177.251,US,United States,7922,COMCAST-7922,0,71.194.177.251
584,99.27.92.183,US,United States,7018,ATT-INTERNET4,0,99.27.92.183
585,24.233.121.17,US,United States,32448,METROCAST-1,0,24.233.121.17
586,73.55.192.255,US,United States,7922,COMCAST-7922,0,73.55.192.255
587,166.170.36.216,US,United States,20057,ATT-MOBILITY-LLC-AS20057,0,166.170.36.216
588,209.33.36.62,US,United States,19108,SUDDENLINK-COMMUNICATIONS,0,209.33.36.62
589,71.192.36.126,US,United States,7015,COMCAST-7015,0,71.192.36.126
590,107.133.21.156,US,United States,7018,ATT-INTERNET4,0,107.133.21.156
591,174.100.41.17,US,United States,10796,SCRR-10796,0,174.100.41.17
592,164.107.188.164,US,United States,159,OSUNET-AS,0,164.107.188.164
593,50.103.22.40,US,United States,5650,FRONTIER-FRTR,0,50.103.22.40
594,64.244.199.55,US,United States,17219,WINGS-ASN-296076152,0,64.244.199.55
595,70.91.239.202,US,United States,7922,COMCAST-7922,0,70.91.239.202
596,67.52.51.14,US,United States,10796,SCRR-10796,0,67.52.51.14
597,99.43.17.131,US,United States,7018,ATT-INTERNET4,0,99.43.17.131
598,71.220.151.59,US,United States,209,CENTURYLINK-US-LEGACY-QWEST,0,71.220.151.59
599,68.96.28.141,US,United States,22773,ASN-CXA-ALL-CCI-22773-RDC,0,68.96.28.141
600,68.169.150.59,US,United States,26827,EPBTELECOM,0,68.169.150.59
601,74.250.160.92,US,United States,6389,AS6389,0,74.250.160.92
603,12.197.244.126,US,United States,7018,ATT-INTERNET4,0,12.197.244.126
604,170.185.174.19,US,United States,8030,WORLDNET5-10,0,170.185.174.19
605,24.180.248.130,US,United States,20115,CHARTER-NET-HKY-NC,0,24.180.248.130
606,204.94.39.138,US,United States,12104,CDE-ASN,0,204.94.39.138
607,63.238.46.30,US,United States,209,CENTURYLINK-US-LEGACY-QWEST,0,63.238.46.30
608,68.108.128.7,US,United States,22773,ASN-CXA-ALL-CCI-22773-RDC,0,68.108.128.7
609,66.169.200.180,US,United States,20115,CHARTER-NET-HKY-NC,0,66.169.200.180
610,160.93.156.29,US,United States,394417,AS-SONJ,0,160.93.156.29
611,71.200.190.196,US,United States,7922,COMCAST-7922,0,71.200.190.196
612,96.4.48.237,US,United States,11686,ENA,0,96.4.48.237
613,139.137.128.45,US,United States,22093,CCF-NETWORK,0,139.137.128.45
614,184.60.145.20,US,United States,4181,TDS-AS,0,184.60.145.20
615,108.16.194.246,US,United States,701,UUNET,0,108.16.194.246
616,70.209.135.238,US,United States,6167,CELLCO-PART,0,70.209.135.238
617,205.237.169.138,US,United States,26793,ICS-LLC,0,205.237.169.138
618,75.186.149.203,US,United States,10796,SCRR-10796,0,75.186.149.203
619,107.218.170.246,US,United States,7018,ATT-INTERNET4,0,107.218.170.246
620,98.26.162.8,US,United States,11426,SCRR-11426,0,98.26.162.8
621,72.218.202.147,US,United States,22773,ASN-CXA-ALL-CCI-22773-RDC,0,72.218.202.147
622,76.103.219.25,US,United States,7922,COMCAST-7922,0,76.103.219.25
624,70.191.119.109,US,United States,22773,ASN-CXA-ALL-CCI-22773-RDC,0,70.191.119.109
625,150.131.154.81,US,United States,3807,UMTNET-ASN,0,150.131.154.81
626,107.5.131.10,US,United States,7922,COMCAST-7922,0,107.5.131.10
627,174.61.170.36,US,United States,7922,COMCAST-7922,0,174.61.170.36
628,75.138.0.202,US,United States,20115,CHARTER-NET-HKY-NC,0,75.138.0.202
629,65.36.28.1,US,United States,7459,GRANDECOM-AS1,0,65.36.28.1
630,172.243.136.91,US,United States,7155,VIASAT-SP-BACKBONE,0,172.243.136.91
631,151.102.240.24,US,United States,32104,WELLMONT-TN,0,151.102.240.24
632,76.184.150.155,US,United States,11427,SCRR-11427,0,76.184.150.155
633,159.91.43.132,US,United States,21976,NJEDGE-NET,0,159.91.43.132
634,66.153.140.120,US,United States,21565,AS21565,0,66.153.140.120
635,68.179.245.71,US,United States,54804,CSMIII-BUNKIELA,0,68.179.245.71
636,72.35.227.242,US,United States,26724,NEPTEL-AS,0,72.35.227.242
637,24.162.245.218,US,United States,11426,SCRR-11426,0,24.162.245.218
638,205.204.186.161,US,United States,10921,KIHNETWORK,0,205.204.186.161
639,50.142.159.1,US,United States,7922,COMCAST-7922,0,50.142.159.1
640,108.171.131.160,US,United States,25605,SCANSAFE,0,108.171.131.160
641,68.2.183.120,US,United States,22773,ASN-CXA-ALL-CCI-22773-RDC,0,68.2.183.120
642,23.240.28.165,US,United States,20001,ROADRUNNER-WEST,0,23.240.28.165
643,24.129.73.61,US,United States,7922,COMCAST-7922,0,24.129.73.61
644,107.192.170.100,US,United States,7018,ATT-INTERNET4,0,107.192.170.100
645,137.190.222.149,US,United States,210,WEST-NET-WEST,0,137.190.222.149
646,162.1.2.2,US,United States,27353,CLARIAN-ASN,0,162.1.2.2
647,23.28.226.7,US,United States,12083,WOW-INTERNET,0,23.28.226.7
648,107.202.161.68,US,United States,7018,ATT-INTERNET4,0,107.202.161.68
649,71.222.18.40,US,United States,209,CENTURYLINK-US-LEGACY-QWEST,0,71.222.18.40
650,138.28.205.46,US,United States,600,OARNET-AS,0,138.28.205.46
651,128.104.44.89,US,United States,59,WISC-MADISON-AS,0,128.104.44.89
652,73.12.39.1,US,United States,7922,COMCAST-7922,0,73.12.39.1
653,99.98.233.75,US,United States,7018,ATT-INTERNET4,0,99.98.233.75
654,98.180.13.180,US,United States,22773,ASN-CXA-ALL-CCI-22773-RDC,0,98.180.13.180
655,12.204.91.252,US,United States,7018,ATT-INTERNET4,0,12.204.91.252
656,71.1.151.110,US,United States,209,CENTURYLINK-US-LEGACY-QWEST,0,71.1.151.110
658,158.130.221.85,US,United States,55,UPENN,0,158.130.221.85
659,108.20.76.27,US,United States,701,UUNET,0,108.20.76.27
660,216.214.183.14,US,United States,14989,BROADVIEWNET,0,216.214.183.14
661,67.234.217.105,US,United States,209,CENTURYLINK-US-LEGACY-QWEST,0,67.234.217.105
662,4.30.196.43,US,United States,3356,LEVEL3,0,4.30.196.43
663,68.228.234.162,US,United States,22773,ASN-CXA-ALL-CCI-22773-RDC,0,68.228.234.162
664,164.47.99.222,US,United States,14737,CCCOES,0,164.47.99.222
665,98.159.143.73,US,United States,18910,BIG-SANDY-BROADBAND-INC,0,98.159.143.73
666,108.243.218.135,US,United States,7018,ATT-INTERNET4,0,108.243.218.135
667,199.94.46.228,US,United States,13315,HBSNET,0,199.94.46.228
668,50.110.4.149,US,United States,5650,FRONTIER-FRTR,0,50.110.4.149
669,209.180.142.59,US,United States,209,CENTURYLINK-US-LEGACY-QWEST,0,209.180.142.59
670,74.95.32.225,US,United States,7922,COMCAST-7922,0,74.95.32.225
671,108.66.197.176,US,United States,7018,ATT-INTERNET4,0,108.66.197.176
672,208.252.26.3,US,United States,701,UUNET,0,208.252.26.3
673,67.182.222.218,US,United States,7922,COMCAST-7922,0,67.182.222.218
674,24.62.192.94,US,United States,7015,COMCAST-7015,0,24.62.192.94
675,199.125.16.11,US,United States,31770,CMMC-I2,0,199.125.16.11
676,71.68.94.174,US,United States,11426,SCRR-11426,0,71.68.94.174
677,99.100.0.233,US,United States,7018,ATT-INTERNET4,0,99.100.0.233
678,24.107.156.212,US,United States,20115,CHARTER-NET-HKY-NC,0,24.107.156.212
679,70.127.40.203,US,United States,33363,BHN-TAMPA,0,70.127.40.203
680,208.54.35.215,US,United States,21928,T-MOBILE-AS21928,0,208.54.35.215
681,162.237.9.86,US,United States,7018,ATT-INTERNET4,0,162.237.9.86
683,24.9.5.70,US,United States,7922,COMCAST-7922,0,24.9.5.70
684,108.255.13.184,US,United States,7018,ATT-INTERNET4,0,108.255.13.184
685,50.152.70.139,US,United States,7922,COMCAST-7922,0,50.152.70.139
686,99.26.249.33,US,United States,7018,ATT-INTERNET4,0,99.26.249.33
687,64.131.252.48,US,United States,12271,SCRR-12271,0,64.131.252.48
688,66.61.118.72,US,United States,10796,SCRR-10796,0,66.61.118.72
689,12.3.236.226,US,United States,7018,ATT-INTERNET4,0,12.3.236.226
690,98.213.68.120,US,United States,7922,COMCAST-7922,0,98.213.68.120
691,74.214.60.40,US,United States,21688,GMP-METROCAST,0,74.214.60.40
692,173.20.233.106,US,United States,30036,MEDIACOM-ENTERPRISE-BUSINESS,0,173.20.233.106
693,207.177.16.175,US,United States,5056,AUREON-5056,0,207.177.16.175
694,96.252.128.65,US,United States,5650,FRONTIER-FRTR,0,96.252.128.65
695,73.29.158.52,US,United States,7922,COMCAST-7922,0,73.29.158.52
696,50.152.105.2,US,United States,7922,COMCAST-7922,0,50.152.105.2
697,98.176.31.167,US,United States,22773,ASN-CXA-ALL-CCI-22773-RDC,0,98.176.31.167
698,68.191.68.178,US,United States,20115,CHARTER-NET-HKY-NC,0,68.191.68.178
699,24.4.146.168,US,United States,7922,COMCAST-7922,0,24.4.146.168
700,66.31.253.170,US,United States,7015,COMCAST-7015,0,66.31.253.170
701,184.57.155.85,US,United States,10796,SCRR-10796,0,184.57.155.85
702,108.45.166.168,US,United States,701,UUNET,0,108.45.166.168
703,107.219.97.91,US,United States,7018,ATT-INTERNET4,0,107.219.97.91
704,50.245.166.189,US,United States,7922,COMCAST-7922,0,50.245.166.189
705,96.232.245.230,US,United States,701,UUNET,0,96.232.245.230
706,96.248.16.165,US,United States,701,UUNET,0,96.248.16.165
707,108.252.122.78,US,United States,7018,ATT-INTERNET4,0,108.252.122.78
708,12.208.165.189,US,United States,7018,ATT-INTERNET4,0,12.208.165.189
709,72.82.143.212,US,United States,701,UUNET,0,72.82.143.212
710,162.17.35.201,US,United States,7922,COMCAST-7922,0,162.17.35.201
711,63.140.118.214,US,United States,7782,ALSK-7782,0,63.140.118.214
712,24.98.42.210,US,United States,7922,COMCAST-7922,0,24.98.42.210
713,71.185.226.38,US,United States,701,UUNET,0,71.185.226.38
714,66.87.121.190,US,United States,10507,SPCS,0,66.87.121.190
715,129.137.120.234,US,United States,20126,UC-DOM,0,129.137.120.234
716,104.174.128.18,US,United States,20001,ROADRUNNER-WEST,0,104.174.128.18
717,174.97.198.240,US,United States,10796,SCRR-10796,0,174.97.198.240
718,174.98.202.249,US,United States,10796,SCRR-10796,0,174.98.202.249
719,98.70.46.43,US,United States,6389,AS6389,0,98.70.46.43
720,24.155.240.198,US,United States,7459,GRANDECOM-AS1,0,24.155.240.198
721,184.53.32.100,US,United States,6621,HNS-DIRECPC,0,184.53.32.100
722,67.189.22.207,US,United States,7922,COMCAST-7922,0,67.189.22.207
723,216.212.241.118,US,United States,16700,ROSENET-1,0,216.212.241.118
724,173.20.147.83,US,United States,30036,MEDIACOM-ENTERPRISE-BUSINESS,0,173.20.147.83
725,68.61.198.139,US,United States,7922,COMCAST-7922,0,68.61.198.139
726,76.98.49.233,US,United States,7922,COMCAST-7922,0,76.98.49.233
727,24.126.228.3,US,United States,7922,COMCAST-7922,0,24.126.228.3
728,71.222.89.240,US,United States,209,CENTURYLINK-US-LEGACY-QWEST,0,71.222.89.240
729,75.89.28.64,US,United States,7029,WINDSTREAM,0,75.89.28.64
730,108.56.3.245,US,United States,701,UUNET,0,108.56.3.245
731,69.62.168.244,US,United States,14051,SUREWEST,0,69.62.168.244
732,70.197.232.114,US,United States,6167,CELLCO-PART,0,70.197.232.114
733,74.79.154.59,US,United States,11351,RR-NYSREGION-ASN-01,0,74.79.154.59
734,107.207.234.233,US,United States,7018,ATT-INTERNET4,0,107.207.234.233
735,173.57.60.165,US,United States,5650,FRONTIER-FRTR,0,173.57.60.165
736,74.110.117.19,US,United States,701,UUNET,0,74.110.117.19
737,75.83.21.26,US,United States,20001,ROADRUNNER-WEST,0,75.83.21.26
738,68.0.119.147,US,United States,22773,ASN-CXA-ALL-CCI-22773-RDC,0,68.0.119.147
739,67.45.96.133,US,United States,6621,HNS-DIRECPC,0,67.45.96.133
740,70.90.155.29,US,United States,7922,COMCAST-7922,0,70.90.155.29
741,192.12.88.237,US,United States,46,RUTGERS,0,192.12.88.237
742,158.104.202.94,US,United States,29984,WILLAMETTE,0,158.104.202.94
743,108.255.212.236,US,United States,7018,ATT-INTERNET4,0,108.255.212.236
744,108.217.29.27,US,United States,7018,ATT-INTERNET4,0,108.217.29.27
745,75.114.27.43,US,United States,33363,BHN-TAMPA,0,75.114.27.43
746,64.136.220.166,US,United States,18712,SUREWEST-KANSAS,0,64.136.220.166
747,108.80.48.210,US,United States,7018,ATT-INTERNET4,0,108.80.48.210
748,76.180.229.67,US,United States,11351,RR-NYSREGION-ASN-01,0,76.180.229.67
749,50.5.169.243,US,United States,6181,FUSE-NET,0,50.5.169.243
750,64.89.69.162,US,United States,7029,WINDSTREAM,0,64.89.69.162
752,184.58.254.253,US,United States,10796,SCRR-10796,0,184.58.254.253
753,74.137.195.177,US,United States,10796,SCRR-10796,0,74.137.195.177
754,50.175.178.83,US,United States,7922,COMCAST-7922,0,50.175.178.83
755,71.60.33.226,US,United States,7922,COMCAST-7922,0,71.60.33.226
756,68.195.149.85,US,United States,6128,CABLE-NET-1,0,68.195.149.85
757,24.166.215.210,US,United States,10796,SCRR-10796,0,24.166.215.210
758,107.219.43.80,US,United States,7018,ATT-INTERNET4,0,107.219.43.80
759,69.253.16.112,US,United States,7922,COMCAST-7922,0,69.253.16.112
760,184.166.237.37,US,United States,33588,BRESNAN-AS,0,184.166.237.37
761,99.55.76.58,US,United States,7018,ATT-INTERNET4,0,99.55.76.58
762,108.8.97.230,US,United States,701,UUNET,0,108.8.97.230
763,99.110.66.86,US,United States,7018,ATT-INTERNET4,0,99.110.66.86
764,71.251.155.226,US,United States,701,UUNET,0,71.251.155.226
765,66.57.229.86,US,United States,11426,SCRR-11426,0,66.57.229.86
766,184.14.181.172,US,United States,5650,FRONTIER-FRTR,0,184.14.181.172
767,108.65.57.164,US,United States,7018,ATT-INTERNET4,0,108.65.57.164
768,173.27.114.44,US,United States,30036,MEDIACOM-ENTERPRISE-BUSINESS,0,173.27.114.44
769,173.81.222.212,US,United States,19108,SUDDENLINK-COMMUNICATIONS,0,173.81.222.212
770,98.17.130.103,US,United States,7029,WINDSTREAM,0,98.17.130.103
771,68.43.110.8,US,United States,7922,COMCAST-7922,0,68.43.110.8
772,184.6.211.205,US,United States,209,CENTURYLINK-US-LEGACY-QWEST,0,184.6.211.205
773,107.30.122.65,US,United States,10507,SPCS,0,107.30.122.65
774,174.56.60.169,US,United States,7922,COMCAST-7922,0,174.56.60.169
775,23.118.79.7,US,United States,7018,ATT-INTERNET4,0,23.118.79.7
777,76.31.56.41,US,United States,7922,COMCAST-7922,0,76.31.56.41
778,199.38.154.9,US,United States,12147,DFS-RWD,0,199.38.154.9
779,24.113.77.72,US,United States,11404,AS-VOBIZ,0,24.113.77.72
780,74.184.187.3,US,United States,7018,ATT-INTERNET4,0,74.184.187.3
781,172.56.35.181,US,United States,21928,T-MOBILE-AS21928,0,172.56.35.181
782,206.112.75.238,US,United States,11486,COLO-PREM-VZB,0,206.112.75.238
783,72.182.68.169,US,United States,11427,SCRR-11427,0,72.182.68.169
784,173.172.204.147,US,United States,11427,SCRR-11427,0,173.172.204.147
785,98.228.66.184,US,United States,7922,COMCAST-7922,0,98.228.66.184
786,184.58.9.216,US,United States,10796,SCRR-10796,0,184.58.9.216
787,63.135.139.183,US,United States,3663,NETNET-NET,0,63.135.139.183
788,162.210.208.12,US,United States,54972,ACOMMUNCATIONS,0,162.210.208.12
789,50.153.170.128,US,United States,7922,COMCAST-7922,0,50.153.170.128
790,66.188.107.2,US,United States,20115,CHARTER-NET-HKY-NC,0,66.188.107.2
791,68.82.195.51,US,United States,7922,COMCAST-7922,0,68.82.195.51
792,98.27.173.77,US,United States,10796,SCRR-10796,0,98.27.173.77
793,72.200.64.108,US,United States,22773,ASN-CXA-ALL-CCI-22773-RDC,0,72.200.64.108
794,24.239.66.9,US,United States,27364,ACS-INTERNET,0,24.239.66.9
795,209.55.127.174,US,United States,18618,WCENTRALN,0,209.55.127.174
796,137.119.98.38,US,United States,40020,FARMERS-TELECOMMUNICATIONS-COOPERATIVE-INC,0,137.119.98.38
797,72.84.231.254,US,United States,701,UUNET,0,72.84.231.254
798,107.206.53.161,US,United States,7018,ATT-INTERNET4,0,107.206.53.161
799,107.205.5.111,US,United States,7018,ATT-INTERNET4,0,107.205.5.111
800,184.178.36.194,US,United States,22773,ASN-CXA-ALL-CCI-22773-RDC,0,184.178.36.194
801,76.85.170.170,US,United States,11427,SCRR-11427,0,76.85.170.170
802,73.185.110.110,US,United States,7922,COMCAST-7922,0,73.185.110.110
803,76.25.159.9,US,United States,7922,COMCAST-7922,0,76.25.159.9
804,69.161.85.164,US,United States,21688,GMP-METROCAST,0,69.161.85.164
805,75.85.24.25,US,United States,20001,ROADRUNNER-WEST,0,75.85.24.25
806,108.75.33.86,US,United States,7018,ATT-INTERNET4,0,108.75.33.86
807,24.196.182.207,US,United States,20115,CHARTER-NET-HKY-NC,0,24.196.182.207
808,68.3.39.17,US,United States,22773,ASN-CXA-ALL-CCI-22773-RDC,0,68.3.39.17
809,131.128.73.7,US,United States,14348,URI-AS,0,131.128.73.7
810,75.136.105.48,US,United States,20115,CHARTER-NET-HKY-NC,0,75.136.105.48
811,75.133.145.144,US,United States,20115,CHARTER-NET-HKY-NC,0,75.133.145.144
812,68.96.225.237,US,United States,22773,ASN-CXA-ALL-CCI-22773-RDC,0,68.96.225.237
813,71.138.242.211,US,United States,7018,ATT-INTERNET4,0,71.138.242.211
814,155.68.155.149,US,United States,31746,FANDM,0,155.68.155.149
815,24.3.247.222,US,United States,7922,COMCAST-7922,0,24.3.247.222
816,68.12.110.204,US,United States,22773,ASN-CXA-ALL-CCI-22773-RDC,0,68.12.110.204
817,50.9.18.51,ZZ,Unknown,0,------,0,50.9.18.51
818,24.160.191.235,US,United States,10796,SCRR-10796,0,24.160.191.235
819,166.175.56.47,US,United States,20057,ATT-MOBILITY-LLC-AS20057,0,166.175.56.47
820,107.194.126.234,US,United States,7018,ATT-INTERNET4,0,107.194.126.234
821,75.118.28.16,US,United States,12083,WOW-INTERNET,0,75.118.28.16
823,99.155.17.168,US,United States,7018,ATT-INTERNET4,0,99.155.17.168
824,71.119.229.161,US,United States,5650,FRONTIER-FRTR,0,71.119.229.161
825,75.76.181.181,US,United States,12083,WOW-INTERNET,0,75.76.181.181
826,70.181.243.178,US,United States,22773,ASN-CXA-ALL-CCI-22773-RDC,0,70.181.243.178
827,66.58.234.229,US,United States,8047,GCI,0,66.58.234.229
828,96.245.124.84,US,United States,701,UUNET,0,96.245.124.84
829,97.87.6.96,US,United States,20115,CHARTER-NET-HKY-NC,0,97.87.6.96
830,173.71.4.48,US,United States,5650,FRONTIER-FRTR,0,173.71.4.48
831,96.243.157.110,ZZ,Unknown,0,------,0,96.243.157.110
832,99.90.225.194,US,United States,7018,ATT-INTERNET4,0,99.90.225.194
833,209.255.55.49,US,United States,7029,WINDSTREAM,0,209.255.55.49
834,214.26.229.18,US,United States,5800,DNIC-ASBLK-05800-06055,0,214.26.229.18
835,76.169.95.108,US,United States,20001,ROADRUNNER-WEST,0,76.169.95.108
836,98.26.141.182,US,United States,11426,SCRR-11426,0,98.26.141.182
837,75.189.255.211,US,United States,11426,SCRR-11426,0,75.189.255.211
838,23.119.137.46,US,United States,7018,ATT-INTERNET4,0,23.119.137.46
839,216.67.29.175,US,United States,7782,ALSK-7782,0,216.67.29.175
840,173.27.189.98,US,United States,30036,MEDIACOM-ENTERPRISE-BUSINESS,0,173.27.189.98
841,67.149.165.44,US,United States,12083,WOW-INTERNET,0,67.149.165.44
842,198.254.16.200,US,United States,31750,METHODIST-HEALTHCARE,0,198.254.16.200
843,108.47.43.136,ZZ,Unknown,0,------,0,108.47.43.136
844,73.218.178.30,US,United States,7015,COMCAST-7015,0,73.218.178.30
845,66.185.226.60,US,United States,7352,WECOM-INC,0,66.185.226.60
846,97.97.45.53,US,United States,33363,BHN-TAMPA,0,97.97.45.53
847,192.183.176.40,US,United States,5650,FRONTIER-FRTR,0,192.183.176.40
848,41.222.15.71,KE,Kenya,36866,JTL,0,41.222.15.71
849,50.190.110.205,US,United States,7922,COMCAST-7922,0,50.190.110.205
850,71.94.25.25,US,United States,20115,CHARTER-NET-HKY-NC,0,71.94.25.25
851,108.2.108.222,US,United States,701,UUNET,0,108.2.108.222
853,107.147.77.115,US,United States,33363,BHN-TAMPA,0,107.147.77.115
854,166.175.59.25,US,United States,20057,ATT-MOBILITY-LLC-AS20057,0,166.175.59.25
855,70.15.156.213,US,United States,3737,PTD-AS,0,70.15.156.213
856,71.199.226.128,US,United States,7922,COMCAST-7922,0,71.199.226.128
857,72.170.224.18,US,United States,6621,HNS-DIRECPC,0,72.170.224.18
858,68.44.92.52,US,United States,7922,COMCAST-7922,0,68.44.92.52
859,216.237.224.50,US,United States,22709,NSTELCO,0,216.237.224.50
860,73.199.169.20,US,United States,7922,COMCAST-7922,0,73.199.169.20
861,70.115.136.210,US,United States,11427,SCRR-11427,0,70.115.136.210
862,32.179.98.142,US,United States,20057,ATT-MOBILITY-LLC-AS20057,0,32.179.98.142
863,74.110.141.34,US,United States,701,UUNET,0,74.110.141.34
864,184.37.190.189,ZZ,Unknown,0,------,0,184.37.190.189
867,172.56.15.182,US,United States,21928,T-MOBILE-AS21928,0,172.56.15.182
868,108.243.20.191,US,United States,7018,ATT-INTERNET4,0,108.243.20.191
869,68.109.57.21,US,United States,22773,ASN-CXA-ALL-CCI-22773-RDC,0,68.109.57.21
870,71.85.201.63,US,United States,20115,CHARTER-NET-HKY-NC,0,71.85.201.63
871,4.53.196.195,US,United States,3356,LEVEL3,0,4.53.196.195
872,216.171.36.148,US,United States,23473,PAVLOVMEDIA,0,216.171.36.148
873,173.168.113.203,US,United States,33363,BHN-TAMPA,0,173.168.113.203
874,70.139.147.162,US,United States,7018,ATT-INTERNET4,0,70.139.147.162
876,108.82.60.104,US,United States,7018,ATT-INTERNET4,0,108.82.60.104
877,152.13.249.106,US,United States,53785,UNC-GREENSBORO,0,152.13.249.106
878,71.252.158.34,ZZ,Unknown,0,------,0,71.252.158.34
879,68.104.147.194,US,United States,22773,ASN-CXA-ALL-CCI-22773-RDC,0,68.104.147.194
880,76.23.151.240,US,United States,7015,COMCAST-7015,0,76.23.151.240
881,108.207.30.39,US,United States,7018,ATT-INTERNET4,0,108.207.30.39
882,137.148.66.104,US,United States,32818,CSUOHIO-AS,0,137.148.66.104
883,128.118.196.85,US,United States,3999,PENN-STATE,0,128.118.196.85
884,155.247.166.29,US,United States,3778,TEMPLE,0,155.247.166.29
885,128.118.98.226,US,United States,3999,PENN-STATE,0,128.118.98.226
886,24.253.244.245,US,United States,22773,ASN-CXA-ALL-CCI-22773-RDC,0,24.253.244.245
887,98.231.56.152,US,United States,7922,COMCAST-7922,0,98.231.56.152
888,24.49.45.179,US,United States,14291,ANTIETAM,0,24.49.45.179
889,67.191.83.78,US,United States,7922,COMCAST-7922,0,67.191.83.78
890,24.247.174.38,US,United States,20115,CHARTER-NET-HKY-NC,0,24.247.174.38
891,174.30.95.8,US,United States,209,CENTURYLINK-US-LEGACY-QWEST,0,174.30.95.8
892,71.176.200.207,US,United States,701,UUNET,0,71.176.200.207
893,99.3.43.54,US,United States,7018,ATT-INTERNET4,0,99.3.43.54
894,75.189.159.161,US,United States,11426,SCRR-11426,0,75.189.159.161
895,205.173.240.252,US,United States,395220,LCCA-ASN,0,205.173.240.252
896,184.53.34.22,US,United States,6621,HNS-DIRECPC,0,184.53.34.22
898,63.155.206.195,US,United States,209,CENTURYLINK-US-LEGACY-QWEST,0,63.155.206.195
899,216.57.96.1,US,United States,21650,WEST-INTERNET,0,216.57.96.1
900,69.143.36.40,US,United States,7922,COMCAST-7922,0,69.143.36.40
901,24.47.131.44,US,United States,6128,CABLE-NET-1,0,24.47.131.44
902,129.68.79.205,US,United States,14529,SJU-5600,0,129.68.79.205
903,104.179.62.154,US,United States,7018,ATT-INTERNET4,0,104.179.62.154
904,174.242.224.121,US,United States,6167,CELLCO-PART,0,174.242.224.121
905,107.146.184.125,US,United States,33363,BHN-TAMPA,0,107.146.184.125
906,172.1.201.34,US,United States,7018,ATT-INTERNET4,0,172.1.201.34
907,98.118.146.185,US,United States,701,UUNET,0,98.118.146.185
908,198.208.159.17,US,United States,30383,GENERAL-MOTORS-CORPORATION,0,198.208.159.17
909,66.67.38.186,US,United States,11351,RR-NYSREGION-ASN-01,0,66.67.38.186
910,74.174.58.1,US,United States,6389,AS6389,0,74.174.58.1
911,216.218.111.182,US,United States,20257,FTC-INET,0,216.218.111.182
912,168.244.164.254,US,United States,21789,168-244,0,168.244.164.254
913,173.21.41.117,US,United States,30036,MEDIACOM-ENTERPRISE-BUSINESS,0,173.21.41.117
914,68.1.101.153,US,United States,22773,ASN-CXA-ALL-CCI-22773-RDC,0,68.1.101.153
915,137.52.251.63,US,United States,33670,NOVASOUTHEASTERNAS,0,137.52.251.63
916,173.55.30.226,ZZ,Unknown,0,------,0,173.55.30.226
917,75.164.240.212,US,United States,209,CENTURYLINK-US-LEGACY-QWEST,0,75.164.240.212
918,104.49.208.255,US,United States,7018,ATT-INTERNET4,0,104.49.208.255
919,98.236.165.134,US,United States,7922,COMCAST-7922,0,98.236.165.134
920,174.30.114.250,US,United States,209,CENTURYLINK-US-LEGACY-QWEST,0,174.30.114.250
921,66.65.105.81,US,United States,12271,SCRR-12271,0,66.65.105.81
922,98.223.0.63,US,United States,7922,COMCAST-7922,0,98.223.0.63
923,72.95.211.43,US,United States,701,UUNET,0,72.95.211.43
924,70.178.209.84,US,United States,22773,ASN-CXA-ALL-CCI-22773-RDC,0,70.178.209.84
925,68.35.64.30,US,United States,7922,COMCAST-7922,0,68.35.64.30
926,50.108.113.38,US,United States,5650,FRONTIER-FRTR,0,50.108.113.38
927,24.227.240.164,US,United States,11427,SCRR-11427,0,24.227.240.164
928,141.218.166.169,US,United States,237,MERIT-AS-14,0,141.218.166.169
929,132.198.9.255,US,United States,1351,UVM-EDU-AS,0,132.198.9.255
930,97.88.116.131,US,United States,20115,CHARTER-NET-HKY-NC,0,97.88.116.131
931,71.198.120.217,US,United States,7922,COMCAST-7922,0,71.198.120.217
932,66.128.98.26,US,United States,20115,CHARTER-NET-HKY-NC,0,66.128.98.26
933,108.213.216.129,US,United States,7018,ATT-INTERNET4,0,108.213.216.129
934,74.138.213.113,US,United States,10796,SCRR-10796,0,74.138.213.113
935,75.106.99.129,US,United States,7155,VIASAT-SP-BACKBONE,0,75.106.99.129
936,168.208.215.217,US,United States,19380,CHROBINSON,0,168.208.215.217
937,198.187.147.254,US,United States,32403,THE-HERITAGE-FOUNDATION,0,198.187.147.254
938,65.189.198.169,US,United States,10796,SCRR-10796,0,65.189.198.169
939,74.133.113.248,US,United States,10796,SCRR-10796,0,74.133.113.248
940,70.44.33.28,US,United States,3737,PTD-AS,0,70.44.33.28
941,70.113.52.207,US,United States,11427,SCRR-11427,0,70.113.52.207
942,74.79.98.58,US,United States,11351,RR-NYSREGION-ASN-01,0,74.79.98.58
943,97.125.153.34,US,United States,209,CENTURYLINK-US-LEGACY-QWEST,0,97.125.153.34
944,173.191.163.21,US,United States,7029,WINDSTREAM,0,173.191.163.21
945,72.251.71.239,US,United States,21808,PRLSS,0,72.251.71.239
946,99.46.22.37,US,United States,7018,ATT-INTERNET4,0,99.46.22.37
947,97.100.58.125,US,United States,33363,BHN-TAMPA,0,97.100.58.125
948,181.210.48.221,HN,Honduras,7727,Hondutel,0,181.210.48.221
949,144.118.112.140,US,United States,11834,DREXEL-ASN,0,144.118.112.140
950,74.79.123.1,US,United States,11351,RR-NYSREGION-ASN-01,0,74.79.123.1
951,76.18.239.33,US,United States,7922,COMCAST-7922,0,76.18.239.33
952,50.142.136.97,US,United States,7922,COMCAST-7922,0,50.142.136.97
953,107.107.188.73,US,United States,20057,ATT-MOBILITY-LLC-AS20057,0,107.107.188.73
954,74.61.228.65,ZZ,Unknown,0,------,0,74.61.228.65
955,70.112.240.202,US,United States,11427,SCRR-11427,0,70.112.240.202
956,50.142.172.164,US,United States,7922,COMCAST-7922,0,50.142.172.164
957,68.116.189.102,US,United States,20115,CHARTER-NET-HKY-NC,0,68.116.189.102
958,96.18.176.13,US,United States,11492,CABLEONE,0,96.18.176.13
959,99.61.9.188,US,United States,7018,ATT-INTERNET4,0,99.61.9.188
960,129.42.208.182,US,United States,706,TEST-AUSTIN-IBM-AS,0,129.42.208.182
961,100.32.89.227,US,United States,5650,FRONTIER-FRTR,0,100.32.89.227
962,184.99.12.1,US,United States,209,CENTURYLINK-US-LEGACY-QWEST,0,184.99.12.1
963,68.225.33.20,US,United States,22773,ASN-CXA-ALL-CCI-22773-RDC,0,68.225.33.20
964,70.176.224.160,US,United States,22773,ASN-CXA-ALL-CCI-22773-RDC,0,70.176.224.160
965,69.15.115.81,US,United States,17184,ATL-CBEYOND,0,69.15.115.81
966,72.20.73.72,US,United States,26794,DCN-AS,0,72.20.73.72
967,107.5.219.152,US,United States,7922,COMCAST-7922,0,107.5.219.152
969,72.79.206.64,US,United States,701,UUNET,0,72.79.206.64
970,72.219.176.7,US,United States,22773,ASN-CXA-ALL-CCI-22773-RDC,0,72.219.176.7
971,99.16.65.230,US,United States,7018,ATT-INTERNET4,0,99.16.65.230
972,69.244.129.186,US,United States,7922,COMCAST-7922,0,69.244.129.186
973,162.239.53.244,US,United States,7018,ATT-INTERNET4,0,162.239.53.244
974,72.204.174.123,US,United States,22773,ASN-CXA-ALL-CCI-22773-RDC,0,72.204.174.123
975,68.229.28.101,US,United States,22773,ASN-CXA-ALL-CCI-22773-RDC,0,68.229.28.101
976,65.190.78.254,US,United States,11426,SCRR-11426,0,65.190.78.254
977,73.26.110.106,US,United States,7922,COMCAST-7922,0,73.26.110.106
978,68.58.3.247,US,United States,7922,COMCAST-7922,0,68.58.3.247
979,204.28.14.10,US,United States,19366,MNS,0,204.28.14.10
980,206.169.185.2,US,United States,62802,MST-JCMAIN,0,206.169.185.2
981,162.227.221.175,US,United States,7018,ATT-INTERNET4,0,162.227.221.175
982,108.18.176.191,US,United States,701,UUNET,0,108.18.176.191
983,172.9.37.16,US,United States,7018,ATT-INTERNET4,0,172.9.37.16
984,98.17.64.176,US,United States,7029,WINDSTREAM,0,98.17.64.176
985,73.216.58.178,US,United States,7922,COMCAST-7922,0,73.216.58.178
986,73.187.18.53,US,United States,7922,COMCAST-7922,0,73.187.18.53
987,67.189.254.62,US,United States,7015,COMCAST-7015,0,67.189.254.62
988,71.30.38.210,US,United States,7029,WINDSTREAM,0,71.30.38.210
989,172.56.29.90,US,United States,21928,T-MOBILE-AS21928,0,172.56.29.90
990,50.152.159.2,US,United States,7922,COMCAST-7922,0,50.152.159.2
991,216.164.160.75,US,United States,6079,RCN-AS,0,216.164.160.75
992,68.52.117.8,US,United States,7922,COMCAST-7922,0,68.52.117.8
993,68.104.160.221,US,United States,22773,ASN-CXA-ALL-CCI-22773-RDC,0,68.104.160.221
994,71.214.117.186,US,United States,209,CENTURYLINK-US-LEGACY-QWEST,0,71.214.117.186
995,50.135.218.83,US,United States,7922,COMCAST-7922,0,50.135.218.83
996,73.16.200.119,US,United States,7015,COMCAST-7015,0,73.16.200.119
997,104.11.62.66,US,United States,7018,ATT-INTERNET4,0,104.11.62.66
998,24.102.139.253,US,United States,3737,PTD-AS,0,24.102.139.253
999,97.101.128.216,US,United States,33363,BHN-TAMPA,0,97.101.128.216
1000,65.31.24.221,US,United States,10796,SCRR-10796,0,65.31.24.221
1001,73.213.166.226,US,United States,7922,COMCAST-7922,0,73.213.166.226
1002,66.87.91.137,US,United States,10507,SPCS,0,66.87.91.137
1003,108.88.47.42,US,United States,7018,ATT-INTERNET4,0,108.88.47.42
1004,139.55.10.156,US,United States,7029,WINDSTREAM,0,139.55.10.156
1005,50.153.116.149,US,United States,7922,COMCAST-7922,0,50.153.116.149
1006,96.37.44.224,ZZ,Unknown,0,------,0,96.37.44.224
1007,190.204.6.112,VE,"Venezuela, Bolivarian Republic of",8048,CANTV,0,190.204.6.112
1008,70.190.54.154,US,United States,22773,ASN-CXA-ALL-CCI-22773-RDC,0,70.190.54.154
1009,173.85.22.16,US,United States,5650,FRONTIER-FRTR,0,173.85.22.16
1010,108.30.175.34,US,United States,701,UUNET,0,108.30.175.34
1011,65.31.220.152,US,United States,11427,SCRR-11427,0,65.31.220.152
1012,67.81.65.178,US,United States,6128,CABLE-NET-1,0,67.81.65.178
1013,71.122.159.207,US,United States,701,UUNET,0,71.122.159.207
1014,66.66.144.195,US,United States,11351,RR-NYSREGION-ASN-01,0,66.66.144.195
1015,69.24.178.75,US,United States,12112,HICKORYTECH,0,69.24.178.75
1016,97.95.164.72,US,United States,20115,CHARTER-NET-HKY-NC,0,97.95.164.72
1017,99.121.202.69,US,United States,7018,ATT-INTERNET4,0,99.121.202.69
1018,138.229.142.46,US,United States,20115,CHARTER-NET-HKY-NC,0,138.229.142.46
1019,216.14.237.5,US,United States,21947,BCI,0,216.14.237.5
1020,76.27.210.19,US,United States,7922,COMCAST-7922,0,76.27.210.19
1021,50.167.70.150,US,United States,7922,COMCAST-7922,0,50.167.70.150
1022,108.240.163.41,US,United States,7018,ATT-INTERNET4,0,108.240.163.41
1023,32.212.206.94,US,United States,46690,SNET-FCC,0,32.212.206.94
1024,108.80.5.151,US,United States,7018,ATT-INTERNET4,0,108.80.5.151
1025,24.240.32.230,US,United States,20115,CHARTER-NET-HKY-NC,0,24.240.32.230
1026,71.229.186.177,US,United States,7922,COMCAST-7922,0,71.229.186.177
1027,98.193.212.186,US,United States,7922,COMCAST-7922,0,98.193.212.186
1028,98.28.107.216,US,United States,10796,SCRR-10796,0,98.28.107.216
1029,75.74.140.169,US,United States,7922,COMCAST-7922,0,75.74.140.169
1030,24.192.28.234,US,United States,12083,WOW-INTERNET,0,24.192.28.234
1031,108.53.86.251,US,United States,701,UUNET,0,108.53.86.251
1032,68.200.161.241,US,United States,33363,BHN-TAMPA,0,68.200.161.241
1033,140.180.245.249,US,United States,88,PRINCETON-AS,0,140.180.245.249
1034,108.254.75.112,US,United States,7018,ATT-INTERNET4,0,108.254.75.112
1035,98.223.141.126,US,United States,7922,COMCAST-7922,0,98.223.141.126
1036,74.65.77.188,US,United States,11351,RR-NYSREGION-ASN-01,0,74.65.77.188
1037,128.186.182.222,US,United States,2553,FSU-AS,0,128.186.182.222
1038,75.135.206.237,US,United States,20115,CHARTER-NET-HKY-NC,0,75.135.206.237
1039,75.115.170.44,US,United States,33363,BHN-TAMPA,0,75.115.170.44
1040,72.74.247.116,US,United States,701,UUNET,0,72.74.247.116
1041,107.133.26.132,US,United States,7018,ATT-INTERNET4,0,107.133.26.132
1042,72.91.175.123,ZZ,Unknown,0,------,0,72.91.175.123
1043,73.167.227.23,US,United States,7015,COMCAST-7015,0,73.167.227.23
1044,104.57.77.84,US,United States,7018,ATT-INTERNET4,0,104.57.77.84
1045,69.139.75.217,US,United States,7922,COMCAST-7922,0,69.139.75.217
1046,73.39.41.198,US,United States,7922,COMCAST-7922,0,73.39.41.198
1047,96.247.183.41,US,United States,701,UUNET,0,96.247.183.41
1048,64.85.251.45,US,United States,11404,AS-VOBIZ,0,64.85.251.45
1049,71.83.64.180,US,United States,20115,CHARTER-NET-HKY-NC,0,71.83.64.180
1050,72.14.109.98,US,United States,47095,MURRAY-ELECTRIC-SYSTEM,0,72.14.109.98
1051,70.61.138.154,US,United States,10796,SCRR-10796,0,70.61.138.154
1052,84.102.209.10,FR,France,15557,LDCOMNET,0,84.102.209.10
1053,50.82.112.47,US,United States,30036,MEDIACOM-ENTERPRISE-BUSINESS,0,50.82.112.47
1054,174.101.157.52,US,United States,10796,SCRR-10796,0,174.101.157.52
1055,144.162.61.227,US,United States,10849,DCCCD,0,144.162.61.227
1056,96.253.57.96,US,United States,701,UUNET,0,96.253.57.96
1057,72.193.66.24,US,United States,22773,ASN-CXA-ALL-CCI-22773-RDC,0,72.193.66.24
1058,50.46.186.10,US,United States,5650,FRONTIER-FRTR,0,50.46.186.10
1059,128.237.221.171,US,United States,9,CMU-ROUTER,0,128.237.221.171
1060,69.140.249.249,US,United States,7922,COMCAST-7922,0,69.140.249.249
1061,75.169.108.63,US,United States,209,CENTURYLINK-US-LEGACY-QWEST,0,75.169.108.63
1062,96.229.36.202,US,United States,5650,FRONTIER-FRTR,0,96.229.36.202
1063,24.20.136.137,US,United States,7922,COMCAST-7922,0,24.20.136.137
1064,24.197.202.234,US,United States,20115,CHARTER-NET-HKY-NC,0,24.197.202.234
1065,96.244.201.74,US,United States,701,UUNET,0,96.244.201.74
1066,24.168.29.69,US,United States,12271,SCRR-12271,0,24.168.29.69
1067,67.236.213.118,US,United States,209,CENTURYLINK-US-LEGACY-QWEST,0,67.236.213.118
1068,23.114.63.137,US,United States,7018,ATT-INTERNET4,0,23.114.63.137
1069,24.177.144.251,ZZ,Unknown,0,------,0,24.177.144.251
1070,184.21.124.136,US,United States,7155,VIASAT-SP-BACKBONE,0,184.21.124.136
1071,50.136.120.6,US,United States,7922,COMCAST-7922,0,50.136.120.6
1072,65.191.97.110,US,United States,11426,SCRR-11426,0,65.191.97.110
1073,50.109.247.69,US,United States,5650,FRONTIER-FRTR,0,50.109.247.69
1074,75.87.201.118,US,United States,10796,SCRR-10796,0,75.87.201.118
1075,73.181.8.21,US,United States,7922,COMCAST-7922,0,73.181.8.21
1076,108.26.49.215,US,United States,701,UUNET,0,108.26.49.215
1077,131.128.73.6,US,United States,14348,URI-AS,0,131.128.73.6
1078,97.82.132.39,US,United States,20115,CHARTER-NET-HKY-NC,0,97.82.132.39
1079,64.130.171.137,US,United States,29894,SCRTC,0,64.130.171.137
1080,24.214.224.82,US,United States,12083,WOW-INTERNET,0,24.214.224.82
1081,68.119.43.22,US,United States,20115,CHARTER-NET-HKY-NC,0,68.119.43.22
1082,68.55.15.129,US,United States,7922,COMCAST-7922,0,68.55.15.129
1083,99.57.50.182,US,United States,7018,ATT-INTERNET4,0,99.57.50.182
1084,69.131.18.177,US,United States,4181,TDS-AS,0,69.131.18.177
1085,71.1.24.144,US,United States,209,CENTURYLINK-US-LEGACY-QWEST,0,71.1.24.144
1086,173.62.116.239,US,United States,701,UUNET,0,173.62.116.239
1087,108.34.247.230,US,United States,701,UUNET,0,108.34.247.230
1088,65.191.222.167,US,United States,11426,SCRR-11426,0,65.191.222.167
1089,75.133.96.127,US,United States,20115,CHARTER-NET-HKY-NC,0,75.133.96.127
1090,66.87.85.236,US,United States,10507,SPCS,0,66.87.85.236
1091,128.186.154.18,US,United States,2553,FSU-AS,0,128.186.154.18
1092,24.239.229.97,US,United States,27364,ACS-INTERNET,0,24.239.229.97
1093,50.204.129.130,US,United States,7922,COMCAST-7922,0,50.204.129.130
1094,67.247.237.55,US,United States,11351,RR-NYSREGION-ASN-01,0,67.247.237.55
1095,65.190.189.206,US,United States,11426,SCRR-11426,0,65.190.189.206
1096,107.133.248.73,US,United States,7018,ATT-INTERNET4,0,107.133.248.73
1097,66.184.190.2,US,United States,7029,WINDSTREAM,0,66.184.190.2
1098,96.28.198.55,US,United States,10796,SCRR-10796,0,96.28.198.55
1099,174.107.232.193,US,United States,11426,SCRR-11426,0,174.107.232.193
1100,69.245.161.116,US,United States,7922,COMCAST-7922,0,69.245.161.116
1101,184.19.143.217,US,United States,5650,FRONTIER-FRTR,0,184.19.143.217
1102,173.80.240.8,US,United States,19108,SUDDENLINK-COMMUNICATIONS,0,173.80.240.8
1103,96.29.163.47,US,United States,10796,SCRR-10796,0,96.29.163.47
1104,76.89.18.8,US,United States,7843,TWCABLE-BACKBONE,0,76.89.18.8
1106,216.82.207.39,US,United States,7459,GRANDECOM-AS1,0,216.82.207.39
1107,174.98.198.103,US,United States,10796,SCRR-10796,0,174.98.198.103
1108,71.241.232.213,US,United States,701,UUNET,0,71.241.232.213
1109,71.200.7.241,US,United States,7922,COMCAST-7922,0,71.200.7.241
1110,98.210.131.20,US,United States,7922,COMCAST-7922,0,98.210.131.20
1111,97.83.244.184,US,United States,20115,CHARTER-NET-HKY-NC,0,97.83.244.184
1112,67.161.206.68,US,United States,7922,COMCAST-7922,0,67.161.206.68
1113,72.88.239.192,US,United States,701,UUNET,0,72.88.239.192
1114,174.108.82.176,US,United States,11426,SCRR-11426,0,174.108.82.176
1115,68.8.171.18,US,United States,22773,ASN-CXA-ALL-CCI-22773-RDC,0,68.8.171.18
1116,96.255.149.243,US,United States,701,UUNET,0,96.255.149.243
1117,98.210.234.93,US,United States,7922,COMCAST-7922,0,98.210.234.93
1118,72.83.3.152,US,United States,701,UUNET,0,72.83.3.152
1119,173.80.164.92,US,United States,19108,SUDDENLINK-COMMUNICATIONS,0,173.80.164.92
1120,50.190.173.159,US,United States,7922,COMCAST-7922,0,50.190.173.159
1121,76.79.192.50,US,United States,20001,ROADRUNNER-WEST,0,76.79.192.50
1122,144.62.220.200,US,United States,3410,CORNELLCOLLEGE,0,144.62.220.200
1123,70.197.166.85,US,United States,6167,CELLCO-PART,0,70.197.166.85
1124,184.99.72.137,US,United States,209,CENTURYLINK-US-LEGACY-QWEST,0,184.99.72.137
1125,167.187.100.192,US,United States,3826,REDLION,0,167.187.100.192
1126,174.106.201.195,US,United States,11426,SCRR-11426,0,174.106.201.195
1127,70.183.220.17,US,United States,22773,ASN-CXA-ALL-CCI-22773-RDC,0,70.183.220.17
1128,67.1.208.47,US,United States,209,CENTURYLINK-US-LEGACY-QWEST,0,67.1.208.47
1129,71.222.87.48,US,United States,209,CENTURYLINK-US-LEGACY-QWEST,0,71.222.87.48
1130,75.182.108.199,US,United States,11426,SCRR-11426,0,75.182.108.199
1131,72.216.0.165,US,United States,22773,ASN-CXA-ALL-CCI-22773-RDC,0,72.216.0.165
1132,24.217.199.89,US,United States,20115,CHARTER-NET-HKY-NC,0,24.217.199.89
1133,24.94.132.11,US,United States,33363,BHN-TAMPA,0,24.94.132.11
1134,70.189.64.149,US,United States,22773,ASN-CXA-ALL-CCI-22773-RDC,0,70.189.64.149
1135,96.8.179.232,US,United States,16527,GVTCINTERNET,0,96.8.179.232
1136,71.181.126.22,US,United States,32645,PIVOT,0,71.181.126.22
1137,98.197.47.27,US,United States,7922,COMCAST-7922,0,98.197.47.27
1138,209.180.246.58,US,United States,209,CENTURYLINK-US-LEGACY-QWEST,0,209.180.246.58
1139,76.121.196.105,US,United States,7922,COMCAST-7922,0,76.121.196.105
1140,75.109.41.80,US,United States,19108,SUDDENLINK-COMMUNICATIONS,0,75.109.41.80
1141,76.121.226.64,US,United States,7922,COMCAST-7922,0,76.121.226.64
1142,71.229.50.125,US,United States,7922,COMCAST-7922,0,71.229.50.125
1143,73.198.244.191,US,United States,7922,COMCAST-7922,0,73.198.244.191
1144,72.169.87.254,US,United States,6621,HNS-DIRECPC,0,72.169.87.254
1145,68.55.128.237,US,United States,7922,COMCAST-7922,0,68.55.128.237
1146,32.210.156.37,US,United States,46690,SNET-FCC,0,32.210.156.37
1147,204.29.131.64,US,United States,3456,TW-CABLE,0,204.29.131.64
1148,174.60.100.2,US,United States,7922,COMCAST-7922,0,174.60.100.2
1149,99.125.172.235,US,United States,7018,ATT-INTERNET4,0,99.125.172.235
1150,97.80.203.75,US,United States,20115,CHARTER-NET-HKY-NC,0,97.80.203.75
1151,68.201.147.47,US,United States,11427,SCRR-11427,0,68.201.147.47
1152,75.166.209.148,US,United States,209,CENTURYLINK-US-LEGACY-QWEST,0,75.166.209.148
1153,74.75.245.25,US,United States,11351,RR-NYSREGION-ASN-01,0,74.75.245.25
1154,50.185.89.160,US,United States,7922,COMCAST-7922,0,50.185.89.160
1155,70.187.72.164,US,United States,22773,ASN-CXA-ALL-CCI-22773-RDC,0,70.187.72.164
1156,107.147.181.1,US,United States,33363,BHN-TAMPA,0,107.147.181.1
1157,162.228.150.43,US,United States,7018,ATT-INTERNET4,0,162.228.150.43
1158,162.229.36.49,US,United States,7018,ATT-INTERNET4,0,162.229.36.49
1159,187.209.13.60,MX,Mexico,8151,Uninet,0,187.209.13.60
1160,174.61.196.196,US,United States,7922,COMCAST-7922,0,174.61.196.196
1161,73.14.103.150,US,United States,7922,COMCAST-7922,0,73.14.103.150
1162,174.125.101.76,US,United States,22561,CENTURYLINK-LEGACY-LIGHTCORE,0,174.125.101.76
1163,174.55.168.61,US,United States,7922,COMCAST-7922,0,174.55.168.61
1164,66.27.130.246,US,United States,20001,ROADRUNNER-WEST,0,66.27.130.246
1165,50.53.137.167,US,United States,5650,FRONTIER-FRTR,0,50.53.137.167
1166,67.188.48.131,US,United States,7922,COMCAST-7922,0,67.188.48.131
1167,99.10.204.20,US,United States,7018,ATT-INTERNET4,0,99.10.204.20
1168,67.5.247.222,US,United States,209,CENTURYLINK-US-LEGACY-QWEST,0,67.5.247.222
1169,98.211.196.112,US,United States,7922,COMCAST-7922,0,98.211.196.112
1170,70.173.126.13,US,United States,22773,ASN-CXA-ALL-CCI-22773-RDC,0,70.173.126.13
1171,24.18.141.63,US,United States,7922,COMCAST-7922,0,24.18.141.63
1172,67.159.150.146,US,United States,14051,SUREWEST,0,67.159.150.146
1173,67.253.31.202,US,United States,11351,RR-NYSREGION-ASN-01,0,67.253.31.202
1174,68.43.240.205,US,United States,7922,COMCAST-7922,0,68.43.240.205
1175,50.192.88.241,US,United States,7922,COMCAST-7922,0,50.192.88.241
1176,67.255.40.63,US,United States,11351,RR-NYSREGION-ASN-01,0,67.255.40.63
1177,67.210.159.218,US,United States,17306,RISE-BROADBAND,0,67.210.159.218
1178,50.251.146.25,US,United States,7922,COMCAST-7922,0,50.251.146.25
1179,162.72.172.35,US,United States,7155,VIASAT-SP-BACKBONE,0,162.72.172.35
1180,68.156.159.10,US,United States,29766,CHSPSC-29766,0,68.156.159.10
1181,107.136.166.83,US,United States,7018,ATT-INTERNET4,0,107.136.166.83
1182,68.200.48.142,US,United States,33363,BHN-TAMPA,0,68.200.48.142
1183,24.159.12.173,US,United States,20115,CHARTER-NET-HKY-NC,0,24.159.12.173
1184,99.173.51.0,US,United States,7018,ATT-INTERNET4,0,99.173.51.0
1185,208.84.214.145,US,United States,23302,STC,0,208.84.214.145
1186,71.47.121.244,US,United States,33363,BHN-TAMPA,0,71.47.121.244
1187,107.4.66.188,US,United States,7922,COMCAST-7922,0,107.4.66.188
1188,12.197.167.140,US,United States,7018,ATT-INTERNET4,0,12.197.167.140
1189,68.188.102.29,US,United States,20115,CHARTER-NET-HKY-NC,0,68.188.102.29
1190,71.195.97.192,US,United States,7922,COMCAST-7922,0,71.195.97.192
1191,68.119.48.114,US,United States,20115,CHARTER-NET-HKY-NC,0,68.119.48.114
1192,76.114.178.24,US,United States,7922,COMCAST-7922,0,76.114.178.24
1193,73.173.146.77,US,United States,7922,COMCAST-7922,0,73.173.146.77
1194,67.6.188.224,US,United States,209,CENTURYLINK-US-LEGACY-QWEST,0,67.6.188.224
1195,50.167.175.57,US,United States,7922,COMCAST-7922,0,50.167.175.57
1196,71.54.160.90,US,United States,209,CENTURYLINK-US-LEGACY-QWEST,0,71.54.160.90
1197,75.171.9.195,US,United States,209,CENTURYLINK-US-LEGACY-QWEST,0,75.171.9.195
1198,98.213.114.152,US,United States,7922,COMCAST-7922,0,98.213.114.152
1199,24.183.20.12,US,United States,20115,CHARTER-NET-HKY-NC,0,24.183.20.12
1200,24.101.254.254,US,United States,27364,ACS-INTERNET,0,24.101.254.254
1201,72.238.215.113,US,United States,33363,BHN-TAMPA,0,72.238.215.113
1202,71.206.189.253,US,United States,7922,COMCAST-7922,0,71.206.189.253
1203,75.43.20.174,US,United States,7018,ATT-INTERNET4,0,75.43.20.174
1204,99.117.116.17,US,United States,7018,ATT-INTERNET4,0,99.117.116.17
1205,108.35.227.116,US,United States,701,UUNET,0,108.35.227.116
1206,100.37.135.89,US,United States,701,UUNET,0,100.37.135.89
1207,99.14.178.239,US,United States,7018,ATT-INTERNET4,0,99.14.178.239
1208,98.214.39.200,US,United States,7922,COMCAST-7922,0,98.214.39.200
1209,73.55.103.207,US,United States,7922,COMCAST-7922,0,73.55.103.207
1210,98.117.185.165,US,United States,701,UUNET,0,98.117.185.165
1211,73.50.138.19,US,United States,7922,COMCAST-7922,0,73.50.138.19
1212,64.130.165.48,US,United States,29894,SCRTC,0,64.130.165.48
1213,70.193.211.90,US,United States,6167,CELLCO-PART,0,70.193.211.90
1214,104.6.214.54,US,United States,7018,ATT-INTERNET4,0,104.6.214.54
1215,72.8.227.132,US,United States,13807,GREAT-PLAINS-COMMUNICATIONS,0,72.8.227.132
1216,132.170.15.255,US,United States,7939,UNIVCENTFLA,0,132.170.15.255
1217,104.60.29.1,US,United States,7018,ATT-INTERNET4,0,104.60.29.1
1218,208.107.164.115,US,United States,11232,MIDCO-NET,0,208.107.164.115
1219,204.169.128.2,US,United States,8148,TIES,0,204.169.128.2
1220,68.204.24.161,US,United States,33363,BHN-TAMPA,0,68.204.24.161
1221,24.63.206.201,US,United States,7015,COMCAST-7015,0,24.63.206.201
1222,98.254.171.123,US,United States,7922,COMCAST-7922,0,98.254.171.123
1223,97.73.89.68,US,United States,6621,HNS-DIRECPC,0,97.73.89.68
1224,67.2.119.139,US,United States,209,CENTURYLINK-US-LEGACY-QWEST,0,67.2.119.139
1225,173.162.30.197,US,United States,7922,COMCAST-7922,0,173.162.30.197
1226,98.109.99.4,US,United States,701,UUNET,0,98.109.99.4
1227,76.91.28.37,US,United States,20001,ROADRUNNER-WEST,0,76.91.28.37
1228,209.156.17.4,US,United States,7029,WINDSTREAM,0,209.156.17.4
1229,76.22.32.196,US,United States,7922,COMCAST-7922,0,76.22.32.196
1230,108.54.108.201,US,United States,701,UUNET,0,108.54.108.201
1231,70.121.134.134,US,United States,11427,SCRR-11427,0,70.121.134.134
1232,208.82.64.103,US,United States,19383,WEBEL-1,0,208.82.64.103
1233,64.37.29.187,US,United States,32281,CCT-LLC,0,64.37.29.187
1234,24.115.79.250,US,United States,3737,PTD-AS,0,24.115.79.250
1235,50.162.148.137,US,United States,7922,COMCAST-7922,0,50.162.148.137
1236,67.182.255.181,US,United States,7922,COMCAST-7922,0,67.182.255.181